{
  "prefix_rules": [
        "--lua-init=@\"%BIN%lua\\zapret-lib.lua\" --lua-init=@\"%BIN%lua\\zapret-antidpi.lua\" --lua-init=@\"%BIN%lua\\custom_funcs.lua\"",
        "--ipcache-hostname",
        "--ipcache-lifetime=0",
        "--wf-tcp-out=80,443,444-65535 --wf-udp-out=444-65535",
        "--wf-raw-part=\"@%BIN%windivert.filter\\windivert_part.discord_media.txt\"",
        "--wf-raw-part=\"@%BIN%windivert.filter\\windivert_part.stun.txt\"",
        "--wf-raw-part=\"@%BIN%windivert.filter\\windivert_part.wireguard.txt\"",
        "--filter-tcp=80,443 --ipset=\"%LISTS%netrogat_ip.txt\" --ipset=\"%LISTS%netrogat_ip_custom.txt\" --new",
        "--filter-tcp=80,443 --hostlist=\"%LISTS%netrogat.txt\" --hostlist=\"%LISTS%netrogat_custom.txt\""
    ],
  "services": {
    "YouTube": {
      "1": [
        "--blob=tls_google:@\"%FAKE%tls_clienthello_www_google_com.bin\"",
        "--filter-tcp=80,443 --filter-l7=tls --hostlist=\"%LISTS%list-youtube.txt\" --out-range=-d10 --payload=tls_client_hello --lua-desync=multisplit:seqovl=286:seqovl_pattern=tls_google"
      ],
      "2": [
        "--blob=fake_tls_2:@\"%FAKE%fake_tls_2.bin\"",
        "--filter-tcp=443 --filter-l7=unknown --hostlist=\"%LISTS%russia-youtube-rtmps.txt\" --out-range=-n3 --payload=tls_client_hello --lua-desync=multisplit:seqovl_pattern=fake_tls_2:seqovl=228",
        "--filter-tcp=80,443 --filter-l7=tls --hostlist=\"%LISTS%list-youtube.txt\" --out-range=-d10 --payload=tls_client_hello --lua-desync=multisplit:pos=midsld-1:seqovl=1"
      ],
      "3": [
        "--blob=fake_tls_2:@\"%FAKE%fake_tls_2.bin\"",
        "--filter-tcp=443 --filter-l7=unknown --hostlist=\"%LISTS%russia-youtube-rtmps.txt\" --out-range=-n3 --payload=tls_client_hello --lua-desync=multisplit:seqovl_pattern=fake_tls_2:seqovl=228",
        "--filter-tcp=80,443 --filter-l7=tls --hostlist=\"%LISTS%list-youtube.txt\" --out-range=-d10 --payload=tls_client_hello --lua-desync=multisplit:pos=midsld+1:seqovl=1"
      ],
      "4": [
        "--blob=fake_tls_2:@\"%FAKE%fake_tls_2.bin\"",
        "--blob=tls_google:@\"%FAKE%tls_clienthello_www_google_com.bin\"",
        "--filter-tcp=443 --filter-l7=unknown --hostlist=\"%LISTS%russia-youtube-rtmps.txt\" --out-range=-n3 --payload=tls_client_hello --lua-desync=multisplit:seqovl_pattern=fake_tls_2:seqovl=228",
        "--filter-tcp=80,443 --filter-l7=tls --hostlist=\"%LISTS%list-youtube.txt\" --payload=tls_client_hello --lua-desync=multisplit:seqovl=286:seqovl_pattern=tls_google"
      ],
      "5": [
        "--filter-tcp=80,443 --filter-l7=tls --hostlist=\"%LISTS%list-youtube.txt\" --out-range=-d10 --payload=tls_client_hello --lua-desync=fake:blob=0x00000000000000000000000000000000:repeats=6:tls_mod=rnd,dupsid:tcp_ts_up"
      ],
      "6": [
        "--filter-tcp=80,443 --filter-l7=tls --hostlist=\"%LISTS%list-youtube.txt\" --out-range=-d10 --payload=tls_client_hello --lua-desync=multidisorder:pos=1,midsld"
      ],
      "7": [
        "--filter-tcp=80,443 --filter-l7=tls --hostlist=\"%LISTS%list-youtube.txt\" --out-range=-d10 --payload=tls_client_hello --lua-desync=tls_split_gentle:pos=host"
      ],
      "8": [
        "--filter-tcp=80,443 --filter-l7=tls --hostlist=\"%LISTS%list-youtube.txt\" --out-range=-d10 --payload=tls_client_hello --lua-desync=tls_split_gentle:pos=midsld"
      ],
      "9": [
        "--filter-tcp=80,443 --filter-l7=tls --hostlist=\"%LISTS%list-youtube.txt\" --out-range=-d10 --payload=tls_client_hello --lua-desync=discord_ecn_exploit:disorder=true"
      ],
      "10": [
        "--filter-tcp=80,443 --filter-l7=tls --ipset=\"%LISTS%ipset-youtube.txt\" --out-range=-d10 --payload=tls_client_hello --lua-desync=tls_disorder_gentle"
      ],
      "11": [
        "--filter-tcp=80,443 --filter-l7=tls --ipset=\"%LISTS%ipset-youtube.txt\" --out-range=-d10 --payload=tls_client_hello --lua-desync=multisplit:pos=1:tcp_flags_unset=ack"
      ],
      "12": [
        "--filter-tcp=80,443 --filter-l7=tls --ipset=\"%LISTS%ipset-youtube.txt\" --out-range=-d10 --payload=tls_client_hello --lua-desync=fake:blob=fake_default_tls:repeats=6:tcp_md5 --lua-desync=multidisorder:pos=1,midsld:tcp_md5"
      ],
      "13": [
        "--filter-tcp=80,443 --filter-l7=tls --ipset=\"%LISTS%ipset-youtube.txt\" --out-range=-d10 --ipcache-hostname --lua-desync=syndata:blob=tls_vk_kyber:tcp_md5 --lua-desync=multidisorder:pos=4:repeats=10:tcp_md5"
      ],
      "14": [
        "--filter-tcp=80,443 --filter-l7=tls --ipset=\"%LISTS%ipset-youtube.txt\" --out-range=-d10 --payload=tls_client_hello --lua-desync=multidisorder:pos=1,host+2,sld+2,sld+5,sniext+1,sniext+2,endhost-2:seqovl=1"
      ],
      "15": [
        "--filter-tcp=80,443 --filter-l7=tls --ipset=\"%LISTS%ipset-youtube.txt\" --out-range=-d10 --payload=tls_client_hello --lua-desync=wssize:wsize=1:scale=6 --lua-desync=fake:blob=fake_default_tls:tcp_flags_unset=ack:tls_mod=rnd,dupsid,rndsni,padencap --lua-desync=multisplit:pos=midsld:tcp_flags_unset=ack"
      ],
      "16": [
        "--blob=tls7:@\"%FAKE%fake_tls_7.bin\"",
        "--filter-tcp=80,443 --filter-l7=tls --ipset=\"%LISTS%ipset-youtube.txt\" --out-range=-d10 --lua-desync=send:repeats=2 --lua-desync=syndata:blob=tls7"
      ],
      "17": [
        "--filter-tcp=80,443 --filter-l7=tls --ipset=\"%LISTS%ipset-youtube.txt\" --out-range=-d10 --payload=tls_client_hello --lua-desync=fake:blob=fake_default_tls:repeats=6:tcp_ack=-66000 --lua-desync=multidisorder_legacy:pos=1,midsld:tcp_ack=-66000"
      ],
      "18": [
        "--blob=tls_google:@\"%FAKE%tls_clienthello_www_google_com.bin\"",
        "--filter-tcp=80,443 --filter-l7=tls --ipset=\"%LISTS%ipset-youtube.txt\" --out-range=-d4 --lua-desync=send:repeats=2 --lua-desync=syndata:blob=tls_google --lua-desync=multidisorder:pos=1,midsld:seqovl=680:seqovl_pattern=tls_google:tls_mod=rnd,rndsni,dupsid:ip_ttl=-1,3-20:ip6_ttl=-1,3-20"
      ],
      "19": [
        "--blob=tls_google:@\"%FAKE%tls_clienthello_www_google_com.bin\"",
        "--filter-tcp=80,443 --filter-l7=tls --ipset=\"%LISTS%ipset-youtube.txt\" --out-range=-d4 --lua-desync=send:repeats=2 --lua-desync=syndata:blob=tls_google --lua-desync=multidisorder:pos=1,midsld:seqovl=680:seqovl_pattern=tls_google:tls_mod=rnd,rndsni,dupsid:tcp_ack=-66000:ip_ttl=-1,3-20:ip6_ttl=-1,3-20"
      ],
      "20": [
        "--blob=tls_google:@\"%FAKE%tls_clienthello_www_google_com.bin\"",
        "--filter-tcp=80,443 --filter-l7=tls --hostlist=\"%LISTS%list-youtube.txt\" --out-range=-d4 --lua-desync=send:repeats=2 --lua-desync=syndata:blob=tls_google --lua-desync=fake:blob=tls_google:ip_autottl=-1,3-20:ip6_autottl=-1,3-20:repeats=6:tcp_ack=-66000"
      ],
      "21": [
        "--blob=tls_google:@\"%FAKE%tls_clienthello_www_google_com.bin\"",
        "--filter-tcp=80,443 --filter-l7=tls --hostlist=\"%LISTS%list-youtube.txt\" --out-range=-d4 --lua-desync=send:repeats=2 --lua-desync=syndata:blob=tls_google --lua-desync=fake:blob=tls_google:ip_autottl=-1,3-20:ip6_autottl=-1,3-20:repeats=6:tcp_ack=-66000:seqovl=680:seqovl_pattern=tls_google"
      ],
      "22": [
        "--blob=tls_max:@\"%FAKE%tls_clienthello_max_ru.bin\"",
        "--filter-tcp=80,443 --filter-l7=tls --ipset=\"%LISTS%ipset-youtube.txt\" --out-range=-d4 --lua-desync=send:repeats=2 --lua-desync=syndata:blob=tls_max --lua-desync=fake:blob=tls_max:ip_autottl=-1,3-20:ip6_autottl=-1,3-20:repeats=6:tcp_ack=-66000:seqovl=680:seqovl_pattern=tls_max"
      ],
      "23": [
        "--blob=tls_google:@\"%FAKE%tls_clienthello_www_google_com.bin\"",
        "--filter-tcp=80,443 --filter-l7=tls --ipset=\"%LISTS%ipset-youtube.txt\" --out-range=-d10 --lua-desync=send:repeats=3 --lua-desync=syndata:blob=tls_google"
      ],
      "24": [
        "--blob=tls_google:@\"%FAKE%tls_clienthello_www_google_com.bin\"",
        "--filter-tcp=80,443 --filter-l7=tls --ipset=\"%LISTS%ipset-youtube.txt\" --out-range=-d10 --lua-desync=send:repeats=2 --lua-desync=syndata:blob=tls_google --lua-desync=fake:blob=tls_google:repeats=6:tcp_ack=-66000 --lua-desync=fake:blob=tls_google:ip_autottl=-1,3-20:ip6_autottl=-1,3-20:repeats=6:tcp_ack=-66000 --lua-desync=multisplit:pos=2:seqovl=652:seqovl_pattern=tls_google"
      ],
      "25": [
        "--blob=tls_google:@\"%FAKE%tls_clienthello_www_google_com.bin\"",
        "--filter-tcp=80,443 --filter-l7=tls --ipset=\"%LISTS%ipset-youtube.txt\" --out-range=-d10 --lua-desync=hostfakesplit:host=ozon.ru:tcp_ts=-1000:tcp_md5:repeats=4"
      ]
    },
    "YouTubeGoogleVideo": {
      "1": [
        "--blob=tls_google:@\"%FAKE%tls_clienthello_www_google_com.bin\"",
        "--filter-tcp=80,443 --hostlist-domains=googlevideo.com --payload=tls_client_hello --out-range=-d10 --lua-desync=multisplit:seqovl=211:seqovl_pattern=tls_google"
      ],
      "2": [
        "--blob=tls4:@\"%FAKE%fake_tls_4.bin\"",
        "--filter-tcp=80,443 --hostlist-domains=googlevideo.com --payload=tls_client_hello --out-range=-d10 --lua-desync=multisplit:seqovl=211:seqovl_pattern=tls4"
      ],
      "3": [
        "--filter-tcp=80,443 --hostlist-domains=googlevideo.com --payload=tls_client_hello --out-range=-d10 --lua-desync=fake:blob=0x00000000000000000000000000000000:repeats=6:tls_mod=rnd,dupsid:tcp_ts_up"
      ],
      "4": [
        "--filter-tcp=80,443 --hostlist-domains=googlevideo.com --payload=tls_client_hello --out-range=-d4 --lua-desync=multisplit_tls:payload=tls_client_hello:seqovl=680:sni=www.google.com:tls_rnd:tls_dupsid:pos=2"
      ],
      "5": [
        "--filter-tcp=80,443 --hostlist-domains=googlevideo.com --payload=tls_client_hello --out-range=-d10 --lua-desync=fake:blob=0x00000000:tcp_flags_unset=ack --lua-desync=fakeddisorder:pos=midsld:tcp_flags_unset=ack"
      ],
      "6": [
        "--blob=tls5:@\"%FAKE%fake_tls_5.bin\"",
        "--filter-tcp=80,443 --hostlist-domains=googlevideo.com --payload=tls_client_hello --out-range=-d10 --lua-desync=multidisorder:seqovl=211:seqovl_pattern=tls5"
      ],
      "7": [
        "--filter-tcp=80,443 --ipset=\"%LISTS%ipset-googlevideo.txt\" --payload=tls_client_hello --out-range=-d10 --lua-desync=multidisorder_legacy:pos=sniext+1,midsld:seqovl=652"
      ],
      "8": [
        "--filter-tcp=80,443 --ipset=\"%LISTS%ipset-googlevideo.txt\" --out-range=-d10 --lua-desync=syndata --lua-desync=multidisorder_legacy:pos=1,midsld"
      ],
      "9": [
        "--filter-tcp=80,443 --ipset=\"%LISTS%ipset-googlevideo.txt\" --payload=tls_client_hello --out-range=-d10 --lua-desync=fake:blob=fake_default_tls:repeats=6:tcp_md5 --lua-desync=multidisorder_legacy:pos=1,midsld:tcp_md5"
      ],
      "10": [
        "--blob=tls_max:@\"%FAKE%tls_clienthello_max_ru.bin\"",
        "--filter-tcp=80,443 --ipset=\"%LISTS%ipset-googlevideo.txt\" --out-range=-d10 --lua-desync=send:repeats=2 --lua-desync=syndata:blob=tls_max --lua-desync=multisplit:pos=midsld"
      ],
      "11": [
        "--blob=tls_google:@\"%FAKE%tls_clienthello_www_google_com.bin\"",
        "--filter-tcp=80,443 --ipset=\"%LISTS%ipset-googlevideo.txt\" --out-range=-d10 --lua-desync=send:repeats=2 --lua-desync=syndata:blob=tls_google --lua-desync=multisplit:pos=midsld"
      ],
      "12": [
        "--blob=tls_google:@\"%FAKE%tls_clienthello_www_google_com.bin\"",
        "--filter-tcp=80,443 --ipset=\"%LISTS%ipset-googlevideo.txt\" --out-range=-d10 --lua-desync=send:repeats=2 --lua-desync=syndata:blob=tls_google --lua-desync=multidisorder:seqovl=700:seqovl_pattern=tls_google:tcp_flags_unset=ack"
      ],
      "13": [
        "--blob=tls_google:@\"%FAKE%tls_clienthello_www_google_com.bin\"",
        "--filter-tcp=80,443 --ipset=\"%LISTS%ipset-googlevideo.txt\" --out-range=-d10 --lua-desync=send:repeats=3 --lua-desync=syndata:blob=tls_google"
      ],
      "14": [
        "--filter-tcp=80,443 --ipset=\"%LISTS%ipset-googlevideo.txt\" --out-range=-d10 --lua-desync=multidisorder:pos=1,host+2,sld+2,sld+5,sniext+1,sniext+2,endhost-2:seqovl=1"
      ],
      "15": [
        "--filter-tcp=80,443 --ipset=\"%LISTS%ipset-googlevideo.txt\" --payload=tls_client_hello --out-range=-d10 --lua-desync=wssize:wsize=1:scale=6 --lua-desync=fake:blob=fake_default_tls:tcp_flags_unset=ack:tls_mod=rnd,dupsid,rndsni,padencap --lua-desync=multisplit:pos=midsld:tcp_flags_unset=ack"
      ],
      "16": [
        "--blob=tls7:@\"%FAKE%fake_tls_7.bin\"",
        "--filter-tcp=80,443 --ipset=\"%LISTS%ipset-googlevideo.txt\" --out-range=-d10 --lua-desync=send:repeats=2 --lua-desync=syndata:blob=tls7"
      ],
      "17": [
        "--blob=tls_google:@\"%FAKE%tls_clienthello_www_google_com.bin\"",
        "--filter-tcp=80,443 --ipset=\"%LISTS%ipset-googlevideo.txt\" --payload=tls_client_hello --out-range=-d10 --lua-desync=fake:blob=tls_google:tcp_ts=1:repeats=6 --lua-desync=multisplit:pos=1:seqovl=681:seqovl_pattern=tls_google:payload=tls_client_hello"
      ],
      "18": [
        "--blob=tls_google:@\"%FAKE%tls_clienthello_www_google_com.bin\"",
        "--filter-tcp=80,443 --ipset=\"%LISTS%ipset-googlevideo.txt\" --payload=tls_client_hello --out-range=-d10 --lua-desync=multidisorder:seqovl=700:seqovl_pattern=tls_google:tcp_flags_unset=ack"
      ],
      "19": [
        "--blob=tls5:@\"%FAKE%fake_tls_5.bin\"",
        "--filter-tcp=80,443 --ipset=\"%LISTS%ipset-googlevideo.txt\" --payload=tls_client_hello --out-range=-d10 --lua-desync=multisplit:seqovl=211:seqovl_pattern=tls5"
      ],
      "20": [
        "--filter-tcp=80,443 --ipset=\"%LISTS%ipset-googlevideo.txt\" --out-range=-d4 --payload=tls_client_hello --lua-desync=fake:blob=fake_default_tls:repeats=6:tcp_ack=-66000 --lua-desync=multidisorder_legacy:pos=1,midsld:tcp_ack=-66000"
      ],
      "21": [
        "--blob=tls_google:@\"%FAKE%tls_clienthello_www_google_com.bin\"",
        "--filter-tcp=80,443 --ipset=\"%LISTS%ipset-googlevideo.txt\" --out-range=-d4 --lua-desync=send:repeats=2 --lua-desync=syndata:blob=tls_google --lua-desync=multidisorder:pos=1,midsld:seqovl=680:seqovl_pattern=tls_google:tls_mod=rnd,rndsni,dupsid:ip_ttl=-1,3-20:ip6_ttl=-1,3-20"
      ],
      "22": [
        "--blob=tls_google:@\"%FAKE%tls_clienthello_www_google_com.bin\"",
        "--filter-tcp=80,443 --ipset=\"%LISTS%ipset-googlevideo.txt\" --out-range=-d4 --lua-desync=send:repeats=2 --lua-desync=syndata:blob=tls_google --lua-desync=multidisorder:pos=1,midsld:seqovl=680:seqovl_pattern=tls_google:tls_mod=rnd,rndsni,dupsid:tcp_ack=-66000:ip_ttl=-1,3-20:ip6_ttl=-1,3-20"
      ],
      "23": [
        "--blob=tls_google:@\"%FAKE%tls_clienthello_www_google_com.bin\"",
        "--filter-tcp=80,443 --ipset=\"%LISTS%ipset-googlevideo.txt\" --out-range=-d4 --lua-desync=send:repeats=2 --lua-desync=syndata:blob=tls_google --lua-desync=fake:blob=tls_google:ip_autottl=-1,3-20:ip6_autottl=-1,3-20:repeats=6:tcp_ack=-66000"
      ],
      "24": [
        "--blob=tls_google:@\"%FAKE%tls_clienthello_www_google_com.bin\"",
        "--filter-tcp=80,443 --ipset=\"%LISTS%ipset-googlevideo.txt\" --out-range=-d4 --lua-desync=send:repeats=2 --lua-desync=syndata:blob=tls_google --lua-desync=fake:blob=tls_google:ip_autottl=-1,3-20:ip6_autottl=-1,3-20:repeats=6:tcp_ack=-66000:seqovl=680:seqovl_pattern=tls_google"
      ],
      "25": [
        "--blob=tls_max:@\"%FAKE%tls_clienthello_max_ru.bin\"",
        "--filter-tcp=80,443 --ipset=\"%LISTS%ipset-googlevideo.txt\" --out-range=-d4 --lua-desync=send:repeats=2 --lua-desync=syndata:blob=tls_max --lua-desync=fake:blob=tls_max:ip_autottl=-1,3-20:ip6_autottl=-1,3-20:repeats=6:tcp_ack=-66000:seqovl=680:seqovl_pattern=tls_max"
      ],
      "26": [
        "--blob=tls_max:@\"%FAKE%tls_clienthello_max_ru.bin\"",
        "--filter-tcp=80,443 --ipset=\"%LISTS%ipset-googlevideo.txt\" --out-range=-d4  --lua-desync=send:repeats=3:ttl=3:ip_id=rnd --lua-desync=syndata:blob=tls_max:tls_mod=rndsni:ip_autottl=-2,3-20:tcp_flags_unset=ack,psh --lua-desync=fake:blob=tls_max:ip_autottl=-1,3-20:ip6_autottl=-1,3-20:repeats=6:tcp_ack=-66000:seqovl=680:seqovl_pattern=tls_max"
      ],
      "27": [
        "--blob=tls_google:@\"%FAKE%tls_clienthello_www_google_com.bin\"",
        "--filter-tcp=80,443 --ipset=\"%LISTS%ipset-googlevideo.txt\" --out-range=-d10 --lua-desync=send:repeats=2 --lua-desync=syndata:blob=tls_google --lua-desync=fake:blob=tls_google:repeats=6:tcp_ack=-66000 --lua-desync=fake:blob=tls_google:ip_autottl=-1,3-20:ip6_autottl=-1,3-20:repeats=6:tcp_ack=-66000 --lua-desync=multisplit:pos=2:seqovl=652:seqovl_pattern=tls_google"
      ],
      "28": [
        "--blob=tls_google:@\"%FAKE%tls_clienthello_www_google_com.bin\"",
        "--filter-tcp=80,443 --ipset=\"%LISTS%ipset-googlevideo.txt\" --out-range=-d10 --lua-desync=hostfakesplit:host=ozon.ru:tcp_ts=-1000:tcp_md5:repeats=4"
      ],
      "29": [
        "--blob=tls4:@\"%FAKE%fake_tls_4.bin\"",
        "--filter-tcp=80,443 --ipset=\"%LISTS%ipset-googlevideo.txt\" --out-range=-n5 --lua-desync=send:repeats=2 --lua-desync=syndata:blob=fake_tls_2:ip_autottl=-3,2-20:tcp_flags_unset=ack --lua-desync=multisplit:seqovl=211:seqovl_pattern=tls4"
      ]
    },
    "YouTubeQuic": {
      "1": [ 
        "--blob=tls_google:@\"%FAKE%tls_clienthello_www_google_com.bin\"",
        "--blob=quic_google:@\"%FAKE%quic_initial_www_google_com.bin\"",
        "--filter-udp=443 --hostlist=\"%LISTS%list-youtube.txt\" --payload=unknown --out-range=-n2 --lua-desync=fake:blob=quic_google:repeats=2:payload=unknown"
      ],
      "2": [
        "--blob=fake_quic_1:@\"%FAKE%fake_quic_1.bin\"",
        "--filter-udp=443 --hostlist-domains=yt3.ggpht.com,www.youtube.com,signaler-pa.youtube.com --out-range=-d9 --payload=quic_initial --lua-desync=fake:blob=0x0c000000:blob=fake_quic_1:ip_ttl=6"
      ],
      "3": [
        "--blob=quic_google:@\"%FAKE%quic_initial_www_google_com.bin\"",
        "--filter-udp=443 --hostlist-domains=yt3.ggpht.com,www.youtube.com,signaler-pa.youtube.com --out-range=-n2 --payload=unknown --lua-desync=fake:blob=quic_google:repeats=2:payload=unknown"
      ],
      "4": [
        "--filter-udp=443 --ipset=\"%LISTS%ipset-youtube.txt\" --payload=unknown --out-range=-d10 --lua-desync=fake:blob=0x00"
      ],
      "5": [
        "--filter-udp=443 --ipset=\"%LISTS%ipset-youtube.txt\" --payload=unknown --out-range=-d10 --lua-desync=fake:blob=0x00"
      ],
      "6": [
        "--blob=quic_vk:@\"%FAKE%quic_initial_vk_com.bin\"",
        "--filter-udp=443 --ipset=\"%LISTS%ipset-youtube.txt\" --payload=unknown,quic_initial --out-range=-d10 --lua-desync=fake:blob=quic_vk:repeats=6"
      ],
      "7": [
        "--blob=quic_google:@\"%FAKE%quic_initial_www_google_com.bin\"",
        "--filter-udp=443 --ipset=\"%LISTS%ipset-youtube.txt\" --payload=unknown,quic_initial --out-range=-d10 --payload=unknown,quic_initial --out-range=-d10 --lua-desync=fake:blob=quic_google:repeats=8"
      ],
      "8": [
        "--blob=quic_test:@\"%FAKE%quic_test_00.bin\"",
        "--filter-udp=443 --ipset=\"%LISTS%ipset-youtube.txt\" --payload=unknown,quic_initial --out-range=-n2 --lua-desync=fake:blob=quic_test:repeats=7 --lua-desync=udplen:increment=10:pattern=0xDEADBEEF"
      ],
      "9": [
        "--blob=quic1:@\"%FAKE%quic_1.bin\"",
        "--filter-udp=443 --ipset=\"%LISTS%ipset-youtube.txt\" --payload=unknown,quic_initial --out-range=-d10 --lua-desync=fake:blob=quic1:repeats=6"
      ],
      "10": [
        "--blob=quic_google:@\"%FAKE%quic_initial_www_google_com.bin\"",
        "--filter-udp=443 --ipset=\"%LISTS%ipset-youtube.txt\" --payload=unknown --out-range=-n3 --lua-desync=fake:blob=quic_google:repeats=10:ip_autottl=2,3-20:ip6_autottl=2,3-20:payload=unknown"
      ],
      "11": [
        "--blob=quic6:@\"%FAKE%quic_6.bin\"",
        "--blob=quic_google:@\"%FAKE%quic_initial_www_google_com.bin\"",
        "--filter-udp=443 --ipset=\"%LISTS%ipset-youtube.txt\" --payload=unknown,quic_initial --out-range=-d10 --lua-desync=fake:blob=quic_google:repeats=6 --lua-desync=udplen:increment=10:pattern=0xDEADBEEF"
      ],
      "12": [
        "--blob=quic_test:@\"%FAKE%quic_test_00.bin\"",
        "--filter-udp=443 --ipset=\"%LISTS%ipset-youtube.txt\" --payload=unknown,quic_initial --out-range=-n2 --lua-desync=fake:blob=quic_test:repeats=2"
      ],
      "13": [
        "--blob=quic_google:@\"%FAKE%quic_initial_www_google_com.bin\"",
        "--filter-udp=443 --ipset=\"%LISTS%ipset-youtube.txt\" --payload=unknown,quic_initial --out-range=-d4 --lua-desync=fake:blob=quic_google:repeats=15:ip_ttl=0:ip6_ttl=0:badsum"
      ],
      "14": [
        "--blob=quic5:@\"%FAKE%quic_5.bin\"",
        "--filter-udp=443 --ipset=\"%LISTS%ipset-youtube.txt\" --payload=all --out-range=-n3 --lua-desync=fake:blob=quic5:repeats=3:payload=all --lua-desync=send:ipfrag:ipfrag_pos_udp=8 --lua-desync=drop"
      ],
      "15": [
        "--blob=quic3:@\"%FAKE%quic_3.bin\"",
        "--filter-udp=443 --ipset=\"%LISTS%ipset-youtube.txt\" --payload=all --out-range=-n3 --lua-desync=fake:blob=quic3:repeats=3:payload=all --lua-desync=send:ipfrag:ipfrag_pos_udp=8 --lua-desync=drop"
      ],
      "16": [
        "--blob=quic3:@\"%FAKE%quic_3.bin\"",
        "--filter-udp=443 --ipset=\"%LISTS%ipset-youtube.txt\" --payload=all --out-range=-n3 --lua-desync=fake:blob=quic3:repeats=2 --lua-desync=udplen:increment=2"
      ],
      "17": [
        "--blob=quic6:@\"%FAKE%quic_6.bin\"",
        "--filter-udp=443 --ipset=\"%LISTS%ipset-youtube.txt\" --payload=all --out-range=-n3 --lua-desync=fake:blob=quic6:repeats=2 --lua-desync=udplen:increment=8:pattern=0x0F0F0E0F"
      ],
      "18": [
        "--blob=quic6:@\"%FAKE%quic_6.bin\"",
        "--filter-udp=443 --ipset=\"%LISTS%ipset-youtube.txt\"  --payload=all --out-range=-n8 --lua-desync=fake:blob=quic6:repeats=2 --lua-desync=udplen:increment=8:pattern=0x0F0F0E0F"
      ],
      "19": [
        "--blob=quic3:@\"%FAKE%quic_3.bin\"",
        "--filter-udp=443 --hostlist=\"%LISTS%list-youtube.txt\" --payload=all --out-range=-n3 --lua-desync=fake:blob=quic3:repeats=2:payload=all --lua-desync=send:ipfrag:ipfrag_pos_udp=8 --lua-desync=drop"
      ],
      "20": [
        "--blob=quic_google:@\"%FAKE%quic_initial_www_google_com.bin\"",
        "--filter-udp=443 --ipset=\"%LISTS%ipset-youtube.txt\" --payload=all --out-range=-d10 --lua-desync=fake:blob=quic_google:ip_autottl=-2,3-20:ip6_autottl=-2,3-20:payload=all:repeats=10"
      ]
    },
    "Twitch": {
      "1": [
        "--blob=tls_google:@\"%FAKE%tls_clienthello_www_google_com.bin\"",
        "--filter-tcp=80,443 --out-range=-d10 --hostlist=\"%LISTS%list-twitch.txt\" --payload=tls_client_hello --lua-desync=multisplit:seqovl=286:seqovl_pattern=tls_google"
      ],
      "2": [
        "--filter-tcp=80,443 --out-range=-d10 --hostlist=\"%LISTS%list-twitch.txt\" --filter-l7=tls --payload=tls_client_hello --lua-desync=multisplit:pos=midsld-1:seqovl=1"
      ],
      "3": [
        "--filter-tcp=80,443 --out-range=-d10 --hostlist=\"%LISTS%list-twitch.txt\" --filter-l7=tls --payload=tls_client_hello --lua-desync=multisplit:pos=midsld+1:seqovl=1"
      ],
      "4": [
        "--blob=tls_google:@\"%FAKE%tls_clienthello_www_google_com.bin\"",
        "--filter-tcp=80,443 --out-range=-d10 --hostlist=\"%LISTS%list-twitch.txt\" --payload=tls_client_hello --lua-desync=multisplit:seqovl=286:seqovl_pattern=tls_google"
      ],
      "5": [
        "--filter-tcp=80,443 --out-range=-d10 --hostlist=\"%LISTS%list-twitch.txt\" --filter-l7=tls --payload=tls_client_hello --lua-desync=fake:blob=0x00000000000000000000000000000000:repeats=6:tls_mod=rnd,dupsid:tcp_ts_up"
      ],
      "6": [
        "--filter-tcp=80,443 --out-range=-d10 --hostlist=\"%LISTS%list-twitch.txt\" --filter-l7=tls --payload=tls_client_hello --lua-desync=multidisorder:pos=1,midsld"
      ],
      "7": [
        "--filter-tcp=80,443 --out-range=-d10 --hostlist=\"%LISTS%list-twitch.txt\" --filter-l7=tls --payload=tls_client_hello --lua-desync=tls_split_gentle:pos=host"
      ],
      "8": [
        "--filter-tcp=80,443 --out-range=-d10 --hostlist=\"%LISTS%list-twitch.txt\" --filter-l7=tls --payload=tls_client_hello --lua-desync=tls_split_gentle:pos=midsld"
      ],
      "9": [
        "--filter-tcp=80,443 --out-range=-d10 --hostlist=\"%LISTS%list-twitch.txt\" --filter-l7=tls --payload=tls_client_hello --lua-desync=discord_ecn_exploit:disorder=true"
      ],
      "10": [
        "--filter-tcp=80,443 --out-range=-d10 --hostlist=\"%LISTS%list-twitch.txt\" --filter-l7=tls --payload=tls_client_hello --lua-desync=tls_disorder_gentle"
      ],
      "11": [
        "--filter-tcp=80,443 --out-range=-d10 --hostlist=\"%LISTS%list-twitch.txt\" --filter-l7=tls --payload=tls_client_hello --lua-desync=multisplit:pos=1:tcp_flags_unset=ack"
      ],
      "12": [
        "--blob=tls_google:@\"%FAKE%tls_clienthello_www_google_com.bin\"",
        "--filter-tcp=443 --out-range=-d10 --hostlist=\"%LISTS%list-twitch.txt\" --payload=tls_client_hello --lua-desync=fake:blob=tls_google:tcp_ts=1:repeats=8:payload=tls_client_hello --lua-desync=multisplit:pos=1:seqovl=681:seqovl_pattern=tls_google:payload=tls_client_hello"
      ],
      "13": [
        "--blob=tls_google:@\"%FAKE%tls_clienthello_www_google_com.bin\"",
        "--filter-tcp=443 --out-range=-d10 --hostlist=\"%LISTS%list-twitch.txt\" --payload=tls_client_hello --lua-desync=fake:blob=tls_google:tcp_ts=1:repeats=6"
      ],
      "14": [
        "--blob=tls_google:@\"%FAKE%tls_clienthello_www_google_com.bin\"",
        "--filter-tcp=443 --out-range=-d10 --hostlist=\"%LISTS%list-twitch.txt\" --payload=tls_client_hello --lua-desync=multidisorder:seqovl=700:seqovl_pattern=tls_google:tcp_flags_unset=ack"
      ],
      "15": [
        "--blob=tls4:@\"%FAKE%fake_tls_4.bin\"",
        "--filter-tcp=443 --out-range=-d10 --hostlist=\"%LISTS%list-twitch.txt\" --payload=tls_client_hello --lua-desync=multisplit:seqovl=211:seqovl_pattern=tls4"
      ]
    },
    "Discord": {
      "1": [
        "--blob=tls_google:@\"%FAKE%tls_clienthello_www_google_com.bin\"",
        "--blob=quic2:@\"%FAKE%quic_2.bin\"",
        "--filter-tcp=80,443,1080,2053,2083,2087,2096,8443 --ipset=\"%LISTS%ipset-discord.txt\" --out-range=-d10 --payload=tls_client_hello --lua-desync=send:repeats=5 --lua-desync=syndata:blob=tls_google --lua-desync=multidisorder:pos=1,midsld:seqovl=800:seqovl_pattern=tls_google",
        "--filter-udp=443 --hostlist=\"%LISTS%list-discord-no-update.txt\" --payload=unknown,quic_initial --out-range=-n2 --lua-desync=fake:blob=quic2:repeats=8 --lua-desync=udplen:increment=10:pattern=0xDEADBEEF"
      ],
      "2": [
        "--blob=tls7:@\"%FAKE%tls_clienthello_7.bin\"",
        "--blob=quic2:@\"%FAKE%quic_2.bin\"",
        "--filter-tcp=80,443,1080,2053,2083,2087,2096,8443 --ipset=\"%LISTS%ipset-discord.txt\" --out-range=-d10 --lua-desync=send:repeats=2 --lua-desync=syndata:blob=tls7",
        "--filter-udp=443 --hostlist=\"%LISTS%list-discord-no-update.txt\" --payload=dht --out-range=-d10 --lua-desync=fake:blob=fake_default_quic:repeats=11:ip_autottl=2,3-20:ip6_autottl=2,3-20 --lua-desync=dht_dn:dn=2"
      ],
      "3": [
        "--blob=fake_tls_2:@\"%FAKE%fake_tls_2.bin\"",
        "--blob=quic_google:@\"%FAKE%quic_initial_www_google_com.bin\"",
        "--filter-tcp=80,443,1080,2053,2083,2087,2096,8443 --ipset=\"%LISTS%ipset-discord.txt\" --out-range=-n3 --payload=tls_client_hello --lua-desync=multisplit:seqovl_pattern=fake_tls_2:seqovl=228",
        "--filter-udp=443 --hostlist=\"%LISTS%list-discord.txt\" --payload=unknown --out-range=-n2 --lua-desync=fake:blob=quic_google:repeats=2:payload=unknown"
      ],
      "4": [
        "--blob=tls5:@\"%FAKE%fake_tls_5.bin\"",
        "--blob=quic_google:@\"%FAKE%quic_initial_www_google_com.bin\"",
        "--filter-tcp=80,443,1080,2053,2083,2087,2096,8443 --ipset=\"%LISTS%ipset-discord.txt\" --out-range=-d10 --payload=tls_client_hello --lua-desync=multisplit:seqovl=286:seqovl_pattern=tls5",
        "--filter-udp=443 --hostlist=\"%LISTS%list-discord.txt\" --payload=unknown --out-range=-n2 --lua-desync=fake:blob=quic_google:repeats=9:ip_autottl=2,3-20:ip6_autottl=2,3-20:payload=unknown"
      ],
      "5": [
        "--blob=fake_tls_2:@\"%FAKE%fake_tls_2.bin\"",
        "--blob=quic_google:@\"%FAKE%quic_initial_www_google_com.bin\"",
        "--filter-tcp=80,443,1080,2053,2083,2087,2096,8443 --ipset=\"%LISTS%ipset-discord.txt\" --out-range=-n3 --payload=tls_client_hello --lua-desync=multisplit:seqovl_pattern=fake_tls_2:seqovl=228",
        "--filter-udp=443 --hostlist=\"%LISTS%list-discord.txt\" --payload=unknown --out-range=-n2 --lua-desync=fake:blob=quic_google:repeats=9:ip_autottl=2,3-20:ip6_autottl=2,3-20:payload=unknown"
      ],
      "6": [
        "--blob=quic_google:@\"%FAKE%quic_initial_www_google_com.bin\"",
        "--filter-tcp=80,443,1080,2053,2083,2087,2096,8443 --ipset=\"%LISTS%ipset-discord.txt\" --out-range=-n3 --payload tls_client_hello --lua-desync=multidisorder:pos=1,midsld,1220",
        "--filter-udp=443 --hostlist=\"%LISTS%list-discord.txt\" --payload=unknown --out-range=-n2 --lua-desync=fake:blob=quic_google:repeats=2:payload=unknown"
      ],
      "7": [
        "--blob=quic_google:@\"%FAKE%quic_initial_www_google_com.bin\"",
        "--filter-tcp=80,443,1080,2053,2083,2087,2096,8443 --ipset=\"%LISTS%ipset-discord.txt\" --out-range=-n3 --payload tls_client_hello --lua-desync=multidisorder:pos=1,sniext+1,host+1,midsld-2,midsld,midsld+2,endhost-1",
        "--filter-udp=443 --hostlist=\"%LISTS%list-discord.txt\" --payload=unknown --out-range=-n2 --lua-desync=fake:blob=quic_google:repeats=2:payload=unknown"
      ],
      "8": [
        "--blob=quic_google:@\"%FAKE%quic_initial_www_google_com.bin\"",
        "--blob=tls_google:@\"%FAKE%tls_clienthello_www_google_com.bin\"",
        "--filter-tcp=80,443,1080,2053,2083,2087,2096,8443 --ipset=\"%LISTS%ipset-discord.txt\"  --out-range=-d10 --lua-desync=send:repeats=3 --lua-desync=syndata:blob=tls_google",
        "--filter-udp=443 --hostlist=\"%LISTS%list-discord.txt\" --payload=unknown --out-range=-n2 --lua-desync=fake:blob=quic_google:repeats=2:payload=unknown"
      ],
      "9": [
        "--blob=quic_google:@\"%FAKE%quic_initial_www_google_com.bin\"",
        "--blob=tls_google:@\"%FAKE%tls_clienthello_www_google_com.bin\"",
        "--filter-tcp=80,443,1080,2053,2083,2087,2096,8443 --ipset=\"%LISTS%ipset-discord.txt\" --out-range=-d10 --lua-desync=send:repeats=2 --lua-desync=syndata:blob=tls_google --lua-desync=multidisorder:seqovl=700:seqovl_pattern=tls_google:tcp_flags_unset=ack",
        "--filter-udp=443 --hostlist=\"%LISTS%list-discord.txt\" --payload=unknown --out-range=-n2 --lua-desync=fake:blob=quic_google:repeats=2:payload=unknown"
      ],
      "10": [
        "--blob=quic_google:@\"%FAKE%quic_initial_www_google_com.bin\"",
        "--blob=tls_google:@\"%FAKE%tls_clienthello_www_google_com.bin\"",
        "--filter-tcp=80,443,1080,2053,2083,2087,2096,8443 --ipset=\"%LISTS%ipset-discord.txt\" --lua-desync=send:repeats=2 --lua-desync=syndata:blob=tls_google --lua-desync=multisplit:pos=midsld",
        "--filter-udp=443 --hostlist=\"%LISTS%list-discord.txt\" --payload=unknown --out-range=-n2 --lua-desync=fake:blob=quic_google:repeats=2:payload=unknown"
      ],
      "11": [
        "--blob=quic_google:@\"%FAKE%quic_initial_www_google_com.bin\"",
        "--blob=tls_max:@\"%FAKE%tls_clienthello_max_ru.bin\"",
        "--filter-tcp=80,443,1080,2053,2083,2087,2096,8443 --ipset=\"%LISTS%ipset-discord.txt\" --lua-desync=send:repeats=2 --lua-desync=syndata:blob=tls_max --lua-desync=multisplit:pos=midsld",
        "--filter-udp=443 --hostlist=\"%LISTS%list-discord.txt\" --payload=unknown --out-range=-n2 --lua-desync=fake:blob=quic_google:repeats=2:payload=unknown"
      ],
      "12": [
        "--blob=quic_google:@\"%FAKE%quic_initial_www_google_com.bin\"",
        "--blob=tls5:@\"%FAKE%fake_tls_5.bin\"",
        "--filter-tcp=80,443,1080,2053,2083,2087,2096,8443 --ipset=\"%LISTS%ipset-discord.txt\" --payload=tls_client_hello --lua-desync=multidisorder_legacy:seqovl=211:seqovl_pattern=tls5",
        "--filter-udp=443 --hostlist=\"%LISTS%list-discord.txt\" --payload=unknown --out-range=-n2 --lua-desync=fake:blob=quic_google:repeats=2:payload=unknown"
      ],
      "13": [
        "--blob=quic_google:@\"%FAKE%quic_initial_www_google_com.bin\"",
        "--filter-tcp=80,443,1080,2053,2083,2087,2096,8443 --ipset=\"%LISTS%ipset-discord.txt\" --payload=tls_client_hello --lua-desync=multidisorder_legacy:pos=1,midsld:ip_autottl=-1,3-20:ip6_autottl=-1,3-20",
        "--filter-udp=443 --hostlist=\"%LISTS%list-discord.txt\" --payload=unknown --out-range=-n2 --lua-desync=fake:blob=quic_google:repeats=2:payload=unknown"
      ],
      "14": [
        "--blob=quic_google:@\"%FAKE%quic_initial_www_google_com.bin\"",
        "--filter-tcp=80,443,1080,2053,2083,2087,2096,8443 --ipset=\"%LISTS%ipset-discord.txt\" --payload=tls_client_hello --lua-desync=multidisorder_legacy:pos=sniext+1,midsld:seqovl=652",
        "--filter-udp=443 --hostlist=\"%LISTS%list-discord.txt\" --payload=unknown --out-range=-n2 --lua-desync=fake:blob=quic_google:repeats=2:payload=unknown"
      ],
      "15": [
        "--blob=quic_google:@\"%FAKE%quic_initial_www_google_com.bin\"",
        "--blob=tls_google:@\"%FAKE%tls_clienthello_www_google_com.bin\"",
        "--filter-tcp=80,443,1080,2053,2083,2087,2096,8443 --ipset=\"%LISTS%ipset-discord.txt\" --out-range=-d4 --lua-desync=send:repeats=2 --lua-desync=syndata:blob=tls_google --lua-desync=multidisorder:pos=1,midsld:seqovl=680:seqovl_pattern=tls_google:tls_mod=rnd,rndsni,dupsid:ip_ttl=-1,3-20:ip6_ttl=-1,3-20",
        "--filter-udp=443 --hostlist=\"%LISTS%list-discord.txt\" --payload=unknown --out-range=-n2 --lua-desync=fake:blob=quic_google:repeats=2:payload=unknown"
      ],
      "16": [
        "--blob=quic_google:@\"%FAKE%quic_initial_www_google_com.bin\"",
        "--blob=tls_google:@\"%FAKE%tls_clienthello_www_google_com.bin\"",
        "--filter-tcp=80,443,1080,2053,2083,2087,2096,8443 --ipset=\"%LISTS%ipset-discord.txt\" --out-range=-d4 --lua-desync=send:repeats=2 --lua-desync=syndata:blob=tls_google --lua-desync=multidisorder:pos=1,midsld:seqovl=680:seqovl_pattern=tls_google:tls_mod=rnd,rndsni,dupsid:tcp_ack=-66000:ip_ttl=-1,3-20:ip6_ttl=-1,3-20",
        "--filter-udp=443 --hostlist=\"%LISTS%list-discord.txt\" --payload=unknown --out-range=-n2 --lua-desync=fake:blob=quic_google:repeats=2:payload=unknown"
      ],
      "17": [
        "--blob=quic_google:@\"%FAKE%quic_initial_www_google_com.bin\"",
        "--blob=tls_google:@\"%FAKE%tls_clienthello_www_google_com.bin\"",
        "--filter-tcp=80,443,1080,2053,2083,2087,2096,8443 --ipset=\"%LISTS%ipset-discord.txt\" --out-range=-d4 --lua-desync=send:repeats=2 --lua-desync=syndata:blob=tls_google --lua-desync=fake:blob=tls_google:ip_autottl=-1,3-20:ip6_autottl=-1,3-20:repeats=6:tcp_ack=-66000",
        "--filter-udp=443 --hostlist=\"%LISTS%list-discord.txt\" --payload=unknown --out-range=-n2 --lua-desync=fake:blob=quic_google:repeats=2:payload=unknown"
      ],
      "18": [
        "--blob=quic_google:@\"%FAKE%quic_initial_www_google_com.bin\"",
        "--blob=tls_google:@\"%FAKE%tls_clienthello_www_google_com.bin\"",
        "--filter-tcp=80,443,1080,2053,2083,2087,2096,8443 --ipset=\"%LISTS%ipset-discord.txt\" --out-range=-d4 --lua-desync=send:repeats=2 --lua-desync=syndata:blob=tls_google --lua-desync=fake:blob=tls_google:ip_autottl=-1,3-20:ip6_autottl=-1,3-20:repeats=6:tcp_ack=-66000:seqovl=680:seqovl_pattern=tls_google",
        "--filter-udp=443 --hostlist=\"%LISTS%list-discord.txt\" --payload=unknown --out-range=-n2 --lua-desync=fake:blob=quic_google:repeats=2:payload=unknown"
      ],
      "19": [
        "--blob=quic_google:@\"%FAKE%quic_initial_www_google_com.bin\"",
        "--blob=tls_max:@\"%FAKE%tls_clienthello_max_ru.bin\"",
        "--filter-tcp=80,443,1080,2053,2083,2087,2096,8443 --ipset=\"%LISTS%ipset-discord.txt\" --out-range=-d4 --lua-desync=send:repeats=2 --lua-desync=syndata:blob=tls_max --lua-desync=fake:blob=tls_max:ip_autottl=-1,3-20:ip6_autottl=-1,3-20:repeats=6:tcp_ack=-66000:seqovl=680:seqovl_pattern=tls_max",
        "--filter-udp=443 --hostlist=\"%LISTS%list-discord.txt\" --payload=unknown --out-range=-n2 --lua-desync=fake:blob=quic_google:repeats=2:payload=unknown"
      ],
      "20": [
        "--blob=tls_4pda:@\"%FAKE%tls_clienthello_4pda_to.bin\"",
        "--filter-tcp=80,443,1080,2053,2083,2087,2096,8443 --ipset=\"%LISTS%ipset-discord.txt\" --out-range=-n7 --lua-desync=send:repeats=2 --lua-desync=syndata:blob=tls_4pda:ip_autottl=-2,3-20 --lua-desync=discord_window_collapse:pos=host"
      ],
      "21": [
        "--blob=tls_4pda:@\"%FAKE%tls_clienthello_4pda_to.bin\"",
        "--filter-tcp=80,443,1080,2053,2083,2087,2096,8443 --ipset=\"%LISTS%ipset-discord.txt\" --out-range=-n7 --lua-desync=send:repeats=2 --lua-desync=syndata:blob=tls_4pda:ip_autottl=-2,3-20 --lua-desync=discord_router_alert:split=true"
      ],
      "22": [
        "--blob=tls_4pda:@\"%FAKE%tls_clienthello_4pda_to.bin\"",
        "--filter-tcp=80,443,1080,2053,2083,2087,2096,8443 --ipset=\"%LISTS%ipset-discord.txt\" --out-range=-n7 --lua-desync=send:repeats=2 --lua-desync=syndata:blob=tls_4pda:ip_autottl=-2,3-20 --lua-desync=discord_ecn_exploit:disorder=true"
      ],
      "23": [
        "--blob=tls_4pda:@\"%FAKE%tls_clienthello_4pda_to.bin\"",
        "--filter-tcp=80,443,1080,2053,2083,2087,2096,8443 --ipset=\"%LISTS%ipset-discord.txt\" --out-range=-n7 --lua-desync=send:repeats=2 --lua-desync=syndata:blob=tls_4pda:ip_autottl=-2,3-20 --lua-desync=discord_timestamp_travel:offset_sec=7200:split=true"
      ],
      "24": [
        "--blob=tls_4pda:@\"%FAKE%tls_clienthello_4pda_to.bin\"",
        "--filter-tcp=80,443,1080,2053,2083,2087,2096,8443 --ipset=\"%LISTS%ipset-discord.txt\" --out-range=-n7 --lua-desync=send:repeats=2 --lua-desync=syndata:blob=tls_4pda:ip_autottl=-2,3-20 --lua-desync=discord_urgent_sni:urgent_pos=midsld"
      ],
      "25": [
        "--blob=tls_4pda:@\"%FAKE%tls_clienthello_4pda_to.bin\"",
        "--filter-tcp=80,443,1080,2053,2083,2087,2096,8443 --ipset=\"%LISTS%ipset-discord.txt\" --out-range=-n6 --lua-desync=send:repeats=2 --lua-desync=syndata:blob=tls_4pda:ip_autottl=-2,3-20 --lua-desync=multisplit_tls:payload=tls_client_hello:seqovl=680:sni=www.google.com:tls_mod=rnd,rndsni,dupsid:pos=2"
      ],
      "26": [
        "--blob=tls_4pda:@\"%FAKE%tls_clienthello_4pda_to.bin\"",
        "--filter-tcp=80,443,1080,2053,2083,2087,2096,8443 --ipset=\"%LISTS%ipset-discord.txt\" --out-range=-n6 --lua-desync=send:repeats=2 --lua-desync=syndata:blob=tls_4pda:ip_autottl=-2,3-20 --lua-desync=discord_ultimate_combo:fakes=2:ttl=3:pos=host:pos2=endhost"
      ],
      "27": [
        "--blob=tls_4pda:@\"%FAKE%tls_clienthello_4pda_to.bin\"",
        "--filter-tcp=80,443,1080,2053,2083,2087,2096,8443 --ipset=\"%LISTS%ipset-discord.txt\" --out-range=-n8 --lua-desync=send:repeats=2 --lua-desync=syndata:blob=tls_4pda:ip_autottl=-2,3-20 --lua-desync=fake:blob=fake_default_tls:repeats=6:ip_ttl=1:ip6_ttl=1:tcp_ack=-66000:tls_mod=rnd,dupsid,sni=www.google.com --lua-desync=tls_multisplit_sni:seqovl=211"
      ],
      "28": [
        "--blob=tls_google:@\"%FAKE%tls_clienthello_www_google_com.bin\"",
        "--filter-tcp=80,443,1080,2053,2083,2087,2096,8443 --ipset=\"%LISTS%ipset-discord.txt\" --out-range=-n8 --lua-desync=send:repeats=2 --lua-desync=syndata:blob=tls_google:ip_autottl=-2,3-20 --lua-desync=tls_fake_flood:fakes=11:md5sig"
      ]
    },
    "DiscordQuic": {
      "1": [ 
        "--blob=tls_google:@\"%FAKE%tls_clienthello_www_google_com.bin\"",
        "--blob=quic_google:@\"%FAKE%quic_initial_www_google_com.bin\"",
        "--filter-udp=443 --hostlist=\"%LISTS%list-discord-no-update.txt\" --payload=unknown --out-range=-n2 --lua-desync=fake:blob=quic_google:repeats=2:payload=unknown"
      ],
      "2": [
        "--blob=fake_quic_1:@\"%FAKE%fake_quic_1.bin\"",
        "--filter-udp=443 --hostlist=\"%LISTS%list-discord-no-update.txt\" --out-range=-d9 --payload=quic_initial --lua-desync=fake:blob=0x0c000000:blob=fake_quic_1:ip_ttl=6"
      ],
      "3": [
        "--blob=quic_google:@\"%FAKE%quic_initial_www_google_com.bin\"",
        "--filter-udp=443 --hostlist=\"%LISTS%list-discord-no-update.txt\" --out-range=-n2 --payload=unknown --lua-desync=fake:blob=quic_google:repeats=2:payload=unknown"
      ],
      "4": [
        "--filter-udp=443 --hostlist=\"%LISTS%list-discord-no-update.txt\" --payload=unknown --out-range=-d10 --lua-desync=fake:blob=0x00"
      ],
      "5": [
        "--filter-udp=443 --hostlist=\"%LISTS%list-discord-no-update.txt\" --payload=unknown --out-range=-d10 --lua-desync=fake:blob=0x00"
      ],
      "6": [
        "--blob=quic_vk:@\"%FAKE%quic_initial_vk_com.bin\"",
        "--filter-udp=443 --hostlist=\"%LISTS%list-discord-no-update.txt\" --payload=unknown,quic_initial --out-range=-d10 --lua-desync=fake:blob=quic_vk:repeats=6"
      ],
      "7": [
        "--blob=quic_google:@\"%FAKE%quic_initial_www_google_com.bin\"",
        "--filter-udp=443 --hostlist=\"%LISTS%list-discord-no-update.txt\" --payload=unknown,quic_initial --out-range=-d10 --payload=unknown,quic_initial --out-range=-d10 --lua-desync=fake:blob=quic_google:repeats=8"
      ],
      "8": [
        "--blob=quic_test:@\"%FAKE%quic_test_00.bin\"",
        "--filter-udp=443 --hostlist=\"%LISTS%list-discord-no-update.txt\" --payload=unknown,quic_initial --out-range=-n2 --lua-desync=fake:blob=quic_test:repeats=7 --lua-desync=udplen:increment=10:pattern=0xDEADBEEF"
      ],
      "9": [
        "--blob=quic1:@\"%FAKE%quic_1.bin\"",
        "--filter-udp=443 --hostlist=\"%LISTS%list-discord-no-update.txt\" --payload=unknown,quic_initial --out-range=-d10 --lua-desync=fake:blob=quic1:repeats=6"
      ],
      "10": [
        "--blob=quic_google:@\"%FAKE%quic_initial_www_google_com.bin\"",
        "--filter-udp=443 --hostlist=\"%LISTS%list-discord-no-update.txt\" --payload=unknown --out-range=-n3 --lua-desync=fake:blob=quic_google:repeats=10:ip_autottl=2,3-20:ip6_autottl=2,3-20:payload=unknown"
      ],
      "11": [
        "--blob=quic6:@\"%FAKE%quic_6.bin\"",
        "--blob=quic_google:@\"%FAKE%quic_initial_www_google_com.bin\"",
        "--filter-udp=443 --hostlist=\"%LISTS%list-discord-no-update.txt\" --payload=unknown,quic_initial --out-range=-d10 --lua-desync=fake:blob=quic_google:repeats=6 --lua-desync=udplen:increment=10:pattern=0xDEADBEEF"
      ],
      "12": [
        "--blob=quic_test:@\"%FAKE%quic_test_00.bin\"",
        "--filter-udp=443 --hostlist=\"%LISTS%list-discord-no-update.txt\" --payload=unknown,quic_initial --out-range=-n2 --lua-desync=fake:blob=quic_test:repeats=2"
      ],
      "13": [
        "--blob=quic_google:@\"%FAKE%quic_initial_www_google_com.bin\"",
        "--filter-udp=443 --hostlist=\"%LISTS%list-discord-no-update.txt\" --payload=unknown,quic_initial --out-range=-d4 --lua-desync=fake:blob=quic_google:repeats=15:ip_ttl=0:ip6_ttl=0:badsum"
      ],
      "14": [
        "--blob=quic5:@\"%FAKE%quic_5.bin\"",
        "--filter-udp=443 --hostlist=\"%LISTS%list-discord-no-update.txt\" --payload=all --out-range=-n3 --lua-desync=fake:blob=quic5:repeats=3:payload=all --lua-desync=send:ipfrag:ipfrag_pos_udp=8 --lua-desync=drop"
      ],
      "15": [
        "--blob=quic3:@\"%FAKE%quic_3.bin\"",
        "--filter-udp=443 --hostlist=\"%LISTS%list-discord-no-update.txt\" --payload=all --out-range=-n3 --lua-desync=fake:blob=quic3:repeats=3:payload=all --lua-desync=send:ipfrag:ipfrag_pos_udp=8 --lua-desync=drop"
      ],
      "16": [
        "--blob=quic3:@\"%FAKE%quic_3.bin\"",
        "--filter-udp=443 --hostlist=\"%LISTS%list-discord-no-update.txt\" --payload=all --out-range=-n3 --lua-desync=fake:blob=quic3:repeats=2 --lua-desync=udplen:increment=2"
      ],
      "17": [
        "--blob=quic6:@\"%FAKE%quic_6.bin\"",
        "--filter-udp=443 --hostlist=\"%LISTS%list-discord-no-update.txt\" --payload=all --out-range=-n3 --lua-desync=fake:blob=quic6:repeats=2 --lua-desync=udplen:increment=8:pattern=0x0F0F0E0F"
      ],
      "18": [
        "--blob=quic3:@\"%FAKE%quic_3.bin\"",
        "--filter-udp=443 --hostlist=\"%LISTS%list-youtube.txt\" --payload=all --out-range=-n3 --lua-desync=fake:blob=quic3:repeats=2:payload=all --lua-desync=send:ipfrag:ipfrag_pos_udp=8 --lua-desync=drop"
      ],
      "19": [
        "--blob=quic_google:@\"%FAKE%quic_initial_www_google_com.bin\"",
        "--filter-udp=443 --hostlist=\"%LISTS%list-discord-no-update.txt\" --payload=all --out-range=-d10 --lua-desync=fake:blob=quic_google:ip_autottl=-2,3-20:ip6_autottl=-2,3-20:payload=all:repeats=10"
      ]
    },
    "DiscordUpdate": {
      "1": [
        "--filter-tcp=443 --hostlist-domains=updates.discord.com --payload=tls_client_hello --out-range=-d10 --lua-desync=fake:blob=fake_default_tls:repeats=6:ip_ttl=1:ip6_ttl=1:tcp_ack=-66000:tls_mod=rnd,dupsid,sni=www.google.com --lua-desync=tls_multisplit_sni:seqovl=211"
      ],
      "2": [
        "--blob=fake_tls_5:@\"%FAKE%fake_tls_5.bin\"",
        "--filter-tcp=443 --hostlist-domains=updates.discord.com --payload=tls_client_hello --out-range=-d10 --lua-desync=multisplit:seqovl=211:seqovl_pattern=fake_tls_5"
      ],
      "3": [
        "--filter-l7=tls --hostlist-domains=updates.discord.com --payload=tls_client_hello --out-range=-d10 --lua-desync=fake:blob=0x00000000000000000000000000000000:repeats=6:tls_mod=rnd,dupsid:tcp_ts_up"
      ],
      "4": [
        "--filter-tcp=443 --hostlist-domains=updates.discord.com --payload=tls_client_hello --out-range=-d10 --lua-desync=fake:blob=fake_default_tls:repeats=6:tcp_ack=-66000:tcp_ts_up:ip6_hopbyhop2"
      ],
      "5": [
        "--filter-tcp=443 --hostlist-domains=updates.discord.com --payload=tls_client_hello --out-range=-d10 --lua-desync=fake:blob=fake_default_tls:repeats=6:tcp_ack=-66000:tcp_ts_up:tls_mod=rnd,dupsid,sni=web.max.ru --lua-desync=multidisorder:pos=1,midsld"
      ],
      "6": [
        "--filter-tcp=443 --hostlist-domains=updates.discord.com --lua-desync=wssize:wsize=1:scale=6 --lua-desync=syndata --payload tls_client_hello --lua-desync=multisplit"
      ],
      "7": [
        "--blob=tls_google:@\"%FAKE%tls_clienthello_www_google_com.bin\"",
        "--filter-tcp=443 --hostlist-domains=updates.discord.com --out-range=-d10 --lua-desync=send:repeats=2 --lua-desync=syndata:blob=tls_google --lua-desync=multidisorder:seqovl=700:seqovl_pattern=tls_google:tcp_flags_unset=ack"
      ],
      "8": [
        "--blob=tls_google:@\"%FAKE%tls_clienthello_www_google_com.bin\"",
        "--filter-tcp=443 --hostlist-domains=updates.discord.com --out-range=-d10 --lua-desync=send:repeats=2 --lua-desync=syndata:blob=tls_google --lua-desync=multisplit:pos=midsld"
      ],
      "9": [
        "--blob=tls_max:@\"%FAKE%tls_clienthello_max_ru.bin\"",
        "--filter-tcp=443 --hostlist-domains=updates.discord.com --out-range=-d10 --lua-desync=send:repeats=2 --lua-desync=syndata:blob=tls_max --lua-desync=multisplit:pos=midsld"
      ],
      "10": [
        "--blob=tls5:@\"%FAKE%fake_tls_5.bin\"",
        "--filter-tcp=443 --hostlist-domains=updates.discord.com --payload=tls_client_hello --out-range=-d10 --lua-desync=multidisorder_legacy:seqovl=211:seqovl_pattern=tls5"
      ],
      "11": [
        "--filter-tcp=443 --hostlist-domains=updates.discord.com --payload=tls_client_hello --out-range=-d10 --lua-desync=multidisorder_legacy:pos=sniext+1,midsld:seqovl=652"
      ],
      "12": [
        "--blob=tls_google:@\"%FAKE%tls_clienthello_www_google_com.bin\"",
        "--filter-tcp=443 --hostlist-domains=updates.discord.com --out-range=-d4 --lua-desync=send:repeats=2 --lua-desync=syndata:blob=tls_google --lua-desync=multidisorder:pos=1,midsld:seqovl=680:seqovl_pattern=tls_google:tls_mod=rnd,rndsni,dupsid:ip_ttl=-1,3-20:ip6_ttl=-1,3-20"
      ],
      "13": [
        "--blob=tls_google:@\"%FAKE%tls_clienthello_www_google_com.bin\"",
        "--filter-tcp=443 --hostlist-domains=updates.discord.com --out-range=-d4 --lua-desync=send:repeats=2 --lua-desync=syndata:blob=tls_google --lua-desync=multidisorder:pos=1,midsld:seqovl=680:seqovl_pattern=tls_google:tls_mod=rnd,rndsni,dupsid:tcp_ack=-66000:ip_ttl=-1,3-20:ip6_ttl=-1,3-20"
      ],
      "14": [
        "--blob=tls_google:@\"%FAKE%tls_clienthello_www_google_com.bin\"",
        "--filter-tcp=443 --hostlist-domains=updates.discord.com --out-range=-d4 --lua-desync=send:repeats=2 --lua-desync=syndata:blob=tls_google --lua-desync=fake:blob=tls_google:ip_autottl=-1,3-20:ip6_autottl=-1,3-20:repeats=6:tcp_ack=-66000"
      ],
      "15": [
        "--blob=tls_google:@\"%FAKE%tls_clienthello_www_google_com.bin\"",
        "--filter-tcp=443 --hostlist-domains=updates.discord.com --out-range=-d4 --lua-desync=send:repeats=2 --lua-desync=syndata:blob=tls_google --lua-desync=fake:blob=tls_google:ip_autottl=-1,3-20:ip6_autottl=-1,3-20:repeats=6:tcp_ack=-66000:seqovl=680:seqovl_pattern=tls_google"
      ],
      "16": [
        "--blob=tls_max:@\"%FAKE%tls_clienthello_max_ru.bin\"",
        "--filter-tcp=443 --hostlist-domains=updates.discord.com --out-range=-d4 --lua-desync=send:repeats=2 --lua-desync=syndata:blob=tls_max --lua-desync=fake:blob=tls_max:ip_autottl=-1,3-20:ip6_autottl=-1,3-20:repeats=6:tcp_ack=-66000:seqovl=680:seqovl_pattern=tls_max"
      ],
      "17": [
        "--blob=tls_4pda:@\"%FAKE%tls_clienthello_4pda_to.bin\"",
        "--filter-tcp=443 --hostlist-domains=updates.discord.com --out-range=-n7 --lua-desync=send:repeats=2 --lua-desync=syndata:blob=tls_4pda:ip_autottl=-2,3-20 --lua-desync=discord_window_collapse:pos=host"
      ],
      "18": [
        "--blob=tls_4pda:@\"%FAKE%tls_clienthello_4pda_to.bin\"",
        "--filter-tcp=443 --hostlist-domains=updates.discord.com --out-range=-n7 --lua-desync=send:repeats=2 --lua-desync=syndata:blob=tls_4pda:ip_autottl=-2,3-20 --lua-desync=discord_router_alert:split=true"
      ],
      "19": [
        "--blob=tls_4pda:@\"%FAKE%tls_clienthello_4pda_to.bin\"",
        "--filter-tcp=443 --hostlist-domains=updates.discord.com --out-range=-n7 --lua-desync=send:repeats=2 --lua-desync=syndata:blob=tls_4pda:ip_autottl=-2,3-20 --lua-desync=discord_ecn_exploit:disorder=true"
      ],
      "20": [
        "--blob=tls_4pda:@\"%FAKE%tls_clienthello_4pda_to.bin\"",
        "--filter-tcp=443 --hostlist-domains=updates.discord.com --out-range=-n7 --lua-desync=send:repeats=2 --lua-desync=syndata:blob=tls_4pda:ip_autottl=-2,3-20 --lua-desync=discord_timestamp_travel:offset_sec=7200:split=true"
      ],
      "21": [
        "--blob=tls_4pda:@\"%FAKE%tls_clienthello_4pda_to.bin\"",
        "--filter-tcp=443 --hostlist-domains=updates.discord.com --out-range=-n7 --lua-desync=send:repeats=2 --lua-desync=syndata:blob=tls_4pda:ip_autottl=-2,3-20 --lua-desync=discord_urgent_sni:urgent_pos=midsld"
      ],
      "22": [
        "--blob=tls_4pda:@\"%FAKE%tls_clienthello_4pda_to.bin\"",
        "--filter-tcp=443 --hostlist-domains=updates.discord.com --out-range=-n6 --lua-desync=send:repeats=2 --lua-desync=syndata:blob=tls_4pda:ip_autottl=-2,3-20 --lua-desync=multisplit_tls:payload=tls_client_hello:seqovl=680:sni=www.google.com:tls_mod=rnd,rndsni,dupsid:pos=2"
      ],
      "23": [
        "--blob=tls_4pda:@\"%FAKE%tls_clienthello_4pda_to.bin\"",
        "--filter-tcp=443 --hostlist-domains=updates.discord.com --out-range=-n6 --lua-desync=send:repeats=2 --lua-desync=syndata:blob=tls_4pda:ip_autottl=-2,3-20 --lua-desync=discord_ultimate_combo:fakes=2:ttl=3:pos=host:pos2=endhost"
      ],
      "24": [
        "--blob=tls_4pda:@\"%FAKE%tls_clienthello_4pda_to.bin\"",
        "--filter-tcp=443 --hostlist-domains=updates.discord.com --out-range=-n8 --lua-desync=send:repeats=2 --lua-desync=syndata:blob=tls_4pda:ip_autottl=-2,3-20 --lua-desync=fake:blob=fake_default_tls:repeats=6:ip_ttl=1:ip6_ttl=1:tcp_ack=-66000:tls_mod=rnd,dupsid,sni=www.google.com --lua-desync=tls_multisplit_sni:seqovl=211"
      ],
      "25": [
        "--blob=tls_4pda:@\"%FAKE%tls_clienthello_4pda_to.bin\"",
        "--filter-tcp=443 --hostlist-domains=updates.discord.com --out-range=-n8 --lua-desync=send:repeats=2 --lua-desync=syndata:blob=tls_google:ip_autottl=-2,3-20 --lua-desync=tls_fake_flood:fakes=11:md5sig"
      ]
    },
    "STUN": {
      "1": [
      "--blob=fake_default_udp:0x00000000000000000000000000000000",
      "--filter-l7=discord,wireguard,stun --out-range=-d10 --lua-desync=fake:blob=fake_default_udp"
      ],
      "2": [
      "--filter-l7=stun,discord --out-range=-n4 --payload=stun,discord_ip_discovery --lua-desync=fake:blob=0x00000000000000000000000000000000:repeats=5"
      ],
      "3": [
      "--filter-l7=stun,discord --out-range=-n4 --payload=stun,discord_ip_discovery --out-range=-d10 --lua-desync=fake:blob=0x00"
      ],
      "4": [
      "--filter-l7=stun,discord --out-range=-d10 --payload=stun,discord_ip_discovery --lua-desync=fake:blob=0x00:repeats=6"
      ],
      "5": [
      "--filter-l7=discord,stun --out-range=-d10 --lua-desync=fake:blob=0x00:repeats=6"
      ],
      "6": [
      "--filter-l7=discord,stun --out-range=-d10 --payload=stun,discord_ip_discovery --lua-desync=fake:blob=0x00000000000000000000000000000000:repeats=2"
      ],
      "7": [
      "--blob=fake_default_udp:0x00000000000000000000000000000000",
      "--filter-l7=discord,stun --out-range=-d3 --lua-desync=fake:blob=fake_default_udp:repeats=8"
      ],
      "8": [
      "--blob=fake_default_udp:0x00000000000000000000000000000000",
      "--filter-l7=discord,stun --out-range=-d10 --lua-desync=fake:blob=fake_default_udp:repeats=6"
      ],
      "9": [
      "--filter-l7=discord,stun --payload=stun,discord_ip_discovery --out-range=-d10 --lua-desync=fake:blob=0x00:repeats=4:ip_autottl=0,3-20:ip6_autottl=0,3-20"
      ],
      "10": [
      "--blob=fake_default_udp:0x00000000000000000000000000000000",
      "--filter-l7=discord,wireguard,stun --out-range=-d10 --lua-desync=fake:blob=fake_default_udp"
      ],
      "11": [
      "--blob=quic_google:@\"%FAKE%quic_initial_www_google_com.bin\"",
      "--filter-l7=discord,stun --out-range=-n2 --lua-desync=fake:blob=quic_google"
      ],
      "12": [
      "--blob=quic_google:@\"%FAKE%quic_initial_www_google_com.bin\"",
      "--filter-l7=discord,stun --out-range=-d3 --lua-desync=fake:blob=quic_google:repeats=6"
      ],
      "13": [
      "--blob=quic_google:@\"%FAKE%quic_initial_www_google_com.bin\"",
      "--filter-l7=discord,stun --out-range=-n5 --lua-desync=fake:blob=quic_google:repeats=10"
      ],
      "14": [
      "--blob=quic_google:@\"%FAKE%quic_initial_www_google_com.bin\"",
      "--filter-l7=discord,stun --payload=stun,discord_ip_discovery --out-range=-d3 --lua-desync=fake:blob=quic_google:repeats=6"
      ],
      "15": [
      "--blob=quic_google:@\"%FAKE%quic_initial_www_google_com.bin\"",
      "--filter-l7=discord,stun --payload=stun,discord_ip_discovery --out-range=-n5 --lua-desync=fake:blob=quic_google:repeats=10"
      ],
      "16": [
      "--blob=quic_google:@\"%FAKE%quic_initial_www_google_com.bin\"",
      "--filter-l7=discord,stun --payload=stun,discord_ip_discovery --out-range=-n4 --lua-desync=fake:blob=quic_google"
      ],
      "17": [
      "--filter-l7=discord,stun --payload=stun,discord_ip_discovery --out-range=-d10 --lua-desync=fake:blob=0x00000000000000000000000000000000:repeats=2"
      ],
      "18": [
      "--filter-l7=discord,stun --payload=stun,discord_ip_discovery --out-range=-n2 --lua-desync=fake:blob=0x00"
      ],
      "19": [
      "--filter-l7=discord,stun --payload=stun,discord_ip_discovery --out-range=-n2 --lua-desync=fake:blob=0x00:repeats=4"
      ],
      "20": [
      "--filter-l7=discord,stun --payload=stun,discord_ip_discovery --out-range=-n2 --lua-desync=fake:blob=0x00:repeats=6"
      ],
      "21": [
      "--blob=quic_google:@\"%FAKE%quic_initial_www_google_com.bin\"",
      "--filter-l7=discord,stun --payload=stun,discord_ip_discovery --out-range=-n2 --lua-desync=fake:blob=quic_google:ip_autottl=-2,3-20:ip6_autottl=-2,3-20:payload=all:repeats=10"
      ],
      "22": [
      "--blob=fake_default_udp:0x00000000000000000000000000000000",
      "--filter-l7=discord,stun --payload=stun,discord_ip_discovery --out-range=-d4 --lua-desync=fake:blob=fake_default_udp:repeats=8"
      ],
      "23": [
      "--blob=fake_default_udp:0x00000000000000000000000000000000",
      "--filter-l7=discord,stun --payload=stun,discord_ip_discovery --out-range=-n2 --lua-desync=fake:blob=fake_default_udp"
      ],
      "24": [
      "--blob=quic6:@\"%FAKE%quic_6.bin\"",
      "--filter-l7=discord,stun --payload=stun,discord_ip_discovery --out-range=-n3 --lua-desync=fake:blob=quic6:repeats=2:ip_autottl=-1,3-20:ip6_autottl=-1,3-20 --lua-desync=udplen:increment=8:pattern=0x0F0F0E0F"
      ],
      "25": [
      "--blob=quic6:@\"%FAKE%quic_6.bin\"",
      "--filter-l7=discord,stun --payload=stun,discord_ip_discovery --out-range=-n3 --lua-desync=fake:blob=quic6:repeats=2 --lua-desync=udplen:increment=8:pattern=0x0F0F0E0F"
      ],
      "26": [
      "--blob=quic_google:@\"%FAKE%quic_initial_www_google_com.bin\"",
      "--filter-l7=discord,stun --payload=stun,discord_ip_discovery --out-range=-n2 --lua-desync=fake:blob=quic_google:repeats=12:ip_autottl=2,3-20:ip6_autottl=2,3-20:payload=unknown"
      ],
      "27": [
      "--blob=quic_test:@\"%FAKE%quic_test_00.bin\"",
      "--filter-l7=discord,stun --payload=stun,discord_ip_discovery --out-range=-n2 --lua-desync=fake:blob=quic_test:repeats=2"
      ]
    },
    "Blacklist": {
      "1": [
      "--filter-udp=443 --filter-l7=quic --hostlist=\"%LISTS%list-quick_ttl.txt\" --out-range=-n3 --payload=quic_initial --lua-desync=fake:blob=fake_quic_3.bin:udp_ttl=7:repeats=2 --lua-desync=udplen:pattern=0x0F0F0E0F:repeats=2",
      "--filter-tcp=443 --hostlist=\"%LISTS%russia-blacklist.txt\" --hostlist=\"%LISTS%custom-hostlist.txt\" --hostlist=\"%LISTS%mycdnlist.txt\" --hostlist=\"%LISTS%other.txt\" --out-range=-d10 --lua-desync=multisplit:seqovl=211:seqovl_pattern=tls5",
      "--filter-tcp=80 --hostlist=\"%LISTS%russia-blacklist.txt\" --hostlist=\"%LISTS%custom-hostlist.txt\" --hostlist=\"%LISTS%mycdnlist.txt\" --hostlist=\"%LISTS%other.txt\" --out-range=-d10 --lua-desync=syndata --lua-desync=multisplit:pos=host+1"
      ],
      "2": [
      "--blob=tls5:@\"%FAKE%fake_tls_5.bin\"",
      "--blob=fake_quic_1:@\"%FAKE%fake_quic_1.bin\"",
      "--filter-udp=443 --filter-l7=quic --hostlist=\"%LISTS%list-quick_ttl.txt\" --out-range=-d9 --payload=quic_initial --lua-desync=fake:blob=0x0c000000:blob=fake_quic_1:ip_ttl=6",
      "--filter-tcp=80,443 --hostlist=\"%LISTS%russia-blacklist.txt\" --hostlist=\"%LISTS%custom-hostlist.txt\" --hostlist=\"%LISTS%mycdnlist.txt\" --hostlist=\"%LISTS%other.txt\" --payload=tls_client_hello --lua-desync=multidisorder_legacy:seqovl=211:seqovl_pattern=tls5"
      ],
      "3": [
      "--blob=tls7:@\"%FAKE%fake_tls_7.bin\"",
      "--blob=fake_quic_1:@\"%FAKE%fake_quic_1.bin\"",
      "--filter-udp=443 --filter-l7=quic --hostlist=\"%LISTS%list-quick_ttl.txt\" --out-range=-d9 --payload=quic_initial --lua-desync=fake:blob=0x0c000000:blob=fake_quic_1:ip_ttl=6",
      "--filter-tcp=80,443 --hostlist=\"%LISTS%russia-blacklist.txt\" --hostlist=\"%LISTS%custom-hostlist.txt\" --hostlist=\"%LISTS%mycdnlist.txt\" --hostlist=\"%LISTS%other.txt\" --out-range=-d10 --lua-desync=send:repeats=2 --lua-desync=syndata:blob=tls7"
      ],
      "4": [
      "--blob=fake_quic_1:@\"%FAKE%fake_quic_1.bin\"",
      "--blob=tls_google:@\"%FAKE%tls_clienthello_www_google_com.bin\"",
      "--filter-udp=443 --filter-l7=quic --hostlist=\"%LISTS%list-quick_ttl.txt\" --out-range=-d9 --payload=quic_initial --lua-desync=fake:blob=0x0c000000:blob=fake_quic_1:ip_ttl=6",
      "--filter-tcp=80,443 --hostlist=\"%LISTS%russia-blacklist.txt\" --hostlist=\"%LISTS%custom-hostlist.txt\" --hostlist=\"%LISTS%mycdnlist.txt\" --hostlist=\"%LISTS%other.txt\" --out-range=-d10 --lua-desync=send:repeats=3 --lua-desync=syndata:blob=tls_google"
      ],
      "5": [
      "--blob=fake_quic_1:@\"%FAKE%fake_quic_1.bin\"",
      "--blob=tls_google:@\"%FAKE%tls_clienthello_www_google_com.bin\"",
      "--filter-udp=443 --filter-l7=quic --hostlist=\"%LISTS%list-quick_ttl.txt\" --out-range=-d9 --payload=quic_initial --lua-desync=fake:blob=0x0c000000:blob=fake_quic_1:ip_ttl=6",
      "--filter-tcp=80,443 --hostlist=\"%LISTS%russia-blacklist.txt\" --hostlist=\"%LISTS%custom-hostlist.txt\" --hostlist=\"%LISTS%mycdnlist.txt\" --hostlist=\"%LISTS%other.txt\" --out-range=-d10 --lua-desync=send:repeats=2 --lua-desync=syndata:blob=tls_google --lua-desync=multidisorder:seqovl=700:seqovl_pattern=tls_google:tcp_flags_unset=ack"
      ],
      "6": [
      "--blob=fake_quic_1:@\"%FAKE%fake_quic_1.bin\"",
      "--blob=tls_google:@\"%FAKE%tls_clienthello_www_google_com.bin\"",
      "--filter-udp=443 --filter-l7=quic --hostlist=\"%LISTS%list-quick_ttl.txt\" --out-range=-d9 --payload=quic_initial --lua-desync=fake:blob=0x0c000000:blob=fake_quic_1:ip_ttl=6",
      "--filter-tcp=80,443 --hostlist=\"%LISTS%russia-blacklist.txt\" --hostlist=\"%LISTS%custom-hostlist.txt\" --hostlist=\"%LISTS%mycdnlist.txt\" --hostlist=\"%LISTS%other.txt\" --out-range=-d10 --lua-desync=send:repeats=2 --lua-desync=syndata:blob=tls_google --lua-desync=multisplit:seqovl=1000:seqovl_pattern=tls_google"
      ],
      "7": [
      "--blob=fake_quic_1:@\"%FAKE%fake_quic_1.bin\"",
      "--blob=tls_max:@\"%FAKE%tls_clienthello_max_ru.bin\"",
      "--filter-udp=443 --filter-l7=quic --hostlist=\"%LISTS%list-quick_ttl.txt\" --out-range=-d9 --payload=quic_initial --lua-desync=fake:blob=0x0c000000:blob=fake_quic_1:ip_ttl=6",
      "--filter-tcp=80,443 --hostlist=\"%LISTS%russia-blacklist.txt\" --hostlist=\"%LISTS%custom-hostlist.txt\" --hostlist=\"%LISTS%mycdnlist.txt\" --hostlist=\"%LISTS%other.txt\" --out-range=-d10 --lua-desync=send:repeats=2 --lua-desync=syndata:blob=tls_max --lua-desync=multisplit:pos=midsld"
      ],
      "8": [
      "--blob=fake_quic_1:@\"%FAKE%fake_quic_1.bin\"",
      "--blob=tls_max:@\"%FAKE%tls_clienthello_max_ru.bin\"",
      "--filter-udp=443 --filter-l7=quic --hostlist=\"%LISTS%list-quick_ttl.txt\" --out-range=-d9 --payload=quic_initial --lua-desync=fake:blob=0x0c000000:blob=fake_quic_1:ip_ttl=6",
      "--filter-tcp=80,443 --hostlist=\"%LISTS%russia-blacklist.txt\" --hostlist=\"%LISTS%custom-hostlist.txt\" --hostlist=\"%LISTS%mycdnlist.txt\" --hostlist=\"%LISTS%other.txt\" --out-range=-d4 --lua-desync=hostfakesplit:host=yandex.ru:tcp_ts=-1000:tcp_md5:repeats=4"
      ],
      "9": [
      "--blob=fake_quic_1:@\"%FAKE%fake_quic_1.bin\"",
      "--blob=tls_google:@\"%FAKE%tls_clienthello_www_google_com.bin\"",
      "--filter-udp=443 --filter-l7=quic --hostlist=\"%LISTS%list-quick_ttl.txt\" --out-range=-d9 --payload=quic_initial --lua-desync=fake:blob=0x0c000000:blob=fake_quic_1:ip_ttl=6",
      "--filter-tcp=80,443 --hostlist=\"%LISTS%russia-blacklist.txt\" --hostlist=\"%LISTS%custom-hostlist.txt\" --hostlist=\"%LISTS%mycdnlist.txt\" --hostlist=\"%LISTS%other.txt\" --out-range=-d4 --lua-desync=send:repeats=2 --lua-desync=syndata:blob=tls_google --lua-desync=fake:blob=tls_google:repeats=6:tcp_ack=-66000 --lua-desync=fake:blob=tls_google:ip_autottl=-1,3-20:ip6_autottl=-1,3-20:repeats=6:tcp_ack=-66000 --lua-desync=multisplit:pos=2:seqovl=652:seqovl_pattern=tls_google"
      ],
      "10": [
      "--blob=fake_quic_1:@\"%FAKE%fake_quic_1.bin\"",
      "--blob=tls_google:@\"%FAKE%tls_clienthello_www_google_com.bin\"",
      "--filter-udp=443 --filter-l7=quic --hostlist=\"%LISTS%list-quick_ttl.txt\" --out-range=-d9 --payload=quic_initial --lua-desync=fake:blob=0x0c000000:blob=fake_quic_1:ip_ttl=6",
      "--filter-tcp=80,443 --hostlist=\"%LISTS%russia-blacklist.txt\" --hostlist=\"%LISTS%custom-hostlist.txt\" --hostlist=\"%LISTS%mycdnlist.txt\" --hostlist=\"%LISTS%other.txt\" --out-range=-d4 --lua-desync=send:repeats=2 --lua-desync=syndata:blob=tls_google --lua-desync=fake:blob=tls_google:ip_ttl=-1,3-20:ip6_autottl=-1,3-20 --lua-desync=multidisorder:pos=1,midsld:seqovl=680:seqovl_pattern=tls_google:ip_ttl=-1,3-20:ip6_ttl=-1,3-20"
      ],
      "11": [
      "--blob=fake_quic_1:@\"%FAKE%fake_quic_1.bin\"",
      "--blob=tls_google:@\"%FAKE%tls_clienthello_www_google_com.bin\"",
      "--filter-udp=443 --filter-l7=quic --hostlist=\"%LISTS%list-quick_ttl.txt\" --out-range=-d9 --payload=quic_initial --lua-desync=fake:blob=0x0c000000:blob=fake_quic_1:ip_ttl=6",
      "--filter-tcp=80,443 --hostlist=\"%LISTS%russia-blacklist.txt\" --hostlist=\"%LISTS%custom-hostlist.txt\" --hostlist=\"%LISTS%mycdnlist.txt\" --hostlist=\"%LISTS%other.txt\" --out-range=-d4 --lua-desync=send:repeats=2 --lua-desync=syndata:blob=tls_google --lua-desync=multidisorder:pos=1,midsld:seqovl=680:seqovl_pattern=tls_google:tls_mod=rnd,rndsni,dupsid:tcp_ack=-66000:ip_ttl=-1,3-20:ip6_ttl=-1,3-20"
      ],
      "12": [
      "--blob=fake_quic_1:@\"%FAKE%fake_quic_1.bin\"",
      "--blob=tls_max:@\"%FAKE%tls_clienthello_max_ru.bin\"",
      "--filter-udp=443 --filter-l7=quic --hostlist=\"%LISTS%list-quick_ttl.txt\" --out-range=-d9 --payload=quic_initial --lua-desync=fake:blob=0x0c000000:blob=fake_quic_1:ip_ttl=6",
      "--filter-tcp=80,443 --hostlist=\"%LISTS%russia-blacklist.txt\" --hostlist=\"%LISTS%custom-hostlist.txt\" --hostlist=\"%LISTS%mycdnlist.txt\" --hostlist=\"%LISTS%other.txt\" --out-range=-d4 --lua-desync=send:repeats=2 --lua-desync=syndata:blob=tls_max --lua-desync=fake:blob=tls_max:ip_autottl=-1,3-20:ip6_autottl=-1,3-20:repeats=6:tcp_ack=-66000:seqovl=680:seqovl_pattern=tls_max"
      ]
    },
    "CDN": {
      "1": [
        "--blob=fake_tls_3:@\"%FAKE%fake_tls_3.bin\"",
        "--blob=tls5:@\"%FAKE%fake_tls_5.bin\"",
        "--blob=quic_google:@\"%FAKE%quic_initial_www_google_com.bin\"",
        "--filter-tcp=80,443,444-65535 --ipset=\"%LISTS%ipset-cloudflare-%CDN_BypassLevel%.txt\" --ipset-exclude=\"%LISTS%ipset-dns.txt\" --out-range=-n5 --payload=tls_client_hello --lua-desync=fake:blob=0x0F0F0F0F:tcp_ack=-66000:tcp_ts_up --lua-desync=fake:blob=fake_tls_3:tcp_ack=-66000:tcp_ts_up:tls_mod=rnd,dupsid,rndsni,sni=fonts.google.com --lua-desync=multidisorder:pos=1,sld+1",
        "--filter-udp=443,444-65535 --ipset=\"%LISTS%ipset-cloudflare-%CDN_BypassLevel%.txt\" --out-range=-n5 --payload=quic_initial --lua-desync=fake:blob=quic_google:repeats=6",
        "--filter-tcp=2053,2083,2087,2096,8443 --filter-l7=tls --out-range=-n5 --payload=tls_client_hello --lua-desync=rst:tcp_md5sig=1:tcp_seq=-10000:tcp_ack=-66000 --lua-desync=multidisorder:pos=3:tcp_md5sig=1:tcp_seq=-10000:tcp_ack=-66000",
        "--filter-udp=5056,27002 --out-range=-n15 --payload=quic_initial --lua-desync=fake:blob=quic_google:repeats=6",
        "--filter-tcp=80,443,6568 --ipset=\"%LISTS%ipset-anydesk.txt\" --out-range=-d10 --lua-desync=multisplit:seqovl=211:seqovl_pattern=tls5"
      ],
       "2": [
        "--blob=tls5:@\"%FAKE%fake_tls_5.bin\"",
        "--blob=quic_google:@\"%FAKE%quic_initial_www_google_com.bin\"",
        "--filter-tcp=80,443,444-65535 --ipset=\"%LISTS%ipset-cloudflare-%CDN_BypassLevel%.txt\" --ipset-exclude=\"%LISTS%ipset-dns.txt\" --payload=tls_client_hello --out-range=-d10 --lua-desync=multisplit:seqovl=211:seqovl_pattern=tls5",
        "--filter-udp=443,444-65535 --ipset=\"%LISTS%ipset-cloudflare-%CDN_BypassLevel%.txt\" --payload=unknown --out-range=-n2 --lua-desync=fake:blob=quic_google:repeats=2:payload=unknown",
        "--filter-tcp=2053,2083,2087,2096,8443 --filter-l7=tls --out-range=-n5 --payload=tls_client_hello --lua-desync=rst:tcp_md5sig=1:tcp_seq=-10000:tcp_ack=-66000 --lua-desync=multidisorder:pos=3:tcp_md5sig=1:tcp_seq=-10000:tcp_ack=-66000",
        "--filter-udp=5056,27002 --out-range=-n15 --payload=quic_initial --lua-desync=fake:blob=quic_google:repeats=6",
        "--filter-tcp=80,443,6568 --ipset=\"%LISTS%ipset-anydesk.txt\" --out-range=-d10 --lua-desync=multisplit:seqovl=211:seqovl_pattern=tls5"
      ],
       "3": [
        "--blob=quic_google:@\"%FAKE%quic_initial_www_google_com.bin\"",
        "--filter-tcp=80,443,444-65535 --ipset=\"%LISTS%ipset-cloudflare-%CDN_BypassLevel%.txt\" --ipset-exclude=\"%LISTS%ipset-dns.txt\" --payload=tls_client_hello --out-range=-d10 --lua-desync=fake:blob=fake_default_tls:repeats=6:tcp_md5:tls_mod=rnd,dupsid,sni=www.google.com",
        "--filter-udp=443,444-65535 --ipset=\"%LISTS%ipset-cloudflare-%CDN_BypassLevel%.txt\" --payload=unknown --out-range=-n2 --lua-desync=fake:blob=quic_google:repeats=2:payload=unknown",
        "--filter-tcp=2053,2083,2087,2096,8443 --filter-l7=tls --out-range=-n5 --payload=tls_client_hello --lua-desync=rst:tcp_md5sig=1:tcp_seq=-10000:tcp_ack=-66000 --lua-desync=multidisorder:pos=3:tcp_md5sig=1:tcp_seq=-10000:tcp_ack=-66000",
        "--filter-udp=5056,27002 --out-range=-n15 --payload=quic_initial --lua-desync=fake:blob=quic_google:repeats=6",
        "--filter-tcp=80,443,6568 --ipset=\"%LISTS%ipset-anydesk.txt\" --out-range=-d10 --lua-desync=fake:blob=fake_default_tls:repeats=6:tcp_md5:tls_mod=rnd,dupsid,sni=www.google.com"
      ],
       "4": [
        "--blob=quic_google:@\"%FAKE%quic_initial_www_google_com.bin\"",
        "--blob=quic_vk:@\"%FAKE%quic_initial_vk_com.bin\"",
        "--filter-tcp=80,443,444-65535 --ipset=\"%LISTS%ipset-cloudflare-%CDN_BypassLevel%.txt\" --ipset-exclude=\"%LISTS%ipset-dns.txt\" --payload=tls_client_hello --out-range=-d10 --lua-desync=tls_fake_flood:fakes=11:md5sig",
        "--filter-udp=443,444-65535 --ipset=\"%LISTS%ipset-cloudflare-%CDN_BypassLevel%.txt\" --payload=unknown,quic_initial --out-range=-d10 --lua-desync=fake:blob=quic_vk:repeats=6",
        "--filter-tcp=2053,2083,2087,2096,8443 --filter-l7=tls --out-range=-n5 --payload=tls_client_hello --lua-desync=rst:tcp_md5sig=1:tcp_seq=-10000:tcp_ack=-66000 --lua-desync=multidisorder:pos=3:tcp_md5sig=1:tcp_seq=-10000:tcp_ack=-66000",
        "--filter-udp=5056,27002 --out-range=-n15 --payload=quic_initial --lua-desync=fake:blob=quic_google:repeats=6",
        "--filter-tcp=80,443,6568 --ipset=\"%LISTS%ipset-anydesk.txt\" --out-range=-d10 --lua-desync=tls_fake_flood:fakes=11:md5sig"
      ],
       "5": [
        "--blob=quic_google:@\"%FAKE%quic_initial_www_google_com.bin\"",
        "--blob=quic2:@\"%FAKE%quic_2.bin\"",
        "--filter-tcp=80,443,444-65535 --ipset=\"%LISTS%ipset-cloudflare-%CDN_BypassLevel%.txt\" --ipset-exclude=\"%LISTS%ipset-dns.txt\" --payload=tls_client_hello --out-range=-d10 --lua-desync=fake:blob=fake_default_tls:repeats=6:ip_ttl=3:ip6_ttl=3:tls_mod=rnd,dupsid,sni=www.google.com",
        "--filter-udp=443,444-65535 --ipset=\"%LISTS%ipset-cloudflare-%CDN_BypassLevel%.txt\" --payload=unknown,quic_initial --out-range=-n2 --lua-desync=fake:blob=quic2:repeats=8 --lua-desync=udplen:increment=10:pattern=0xDEADBEEF",
        "--filter-tcp=2053,2083,2087,2096,8443 --filter-l7=tls --out-range=-n5 --payload=tls_client_hello --lua-desync=rst:tcp_md5sig=1:tcp_seq=-10000:tcp_ack=-66000 --lua-desync=multidisorder:pos=3:tcp_md5sig=1:tcp_seq=-10000:tcp_ack=-66000",
        "--filter-udp=5056,27002 --out-range=-n15 --payload=quic_initial --lua-desync=fake:blob=quic_google:repeats=6",
        "--filter-tcp=80,443,6568 --ipset=\"%LISTS%ipset-anydesk.txt\" --out-range=-d10 --lua-desync=tls_fake_flood:fakes=11:md5sig"
      ],
       "6": [
        "--blob=quic_google:@\"%FAKE%quic_initial_www_google_com.bin\"",
        "--filter-tcp=80,443,444-65535 --ipset=\"%LISTS%ipset-cloudflare-%CDN_BypassLevel%.txt\" --ipset-exclude=\"%LISTS%ipset-dns.txt\" --payload=tls_client_hello --out-range=-d10 --lua-desync=tls_fake_split:fakes=4:ttl=2:pos=midsld",
        "--filter-udp=443,444-65535 --ipset=\"%LISTS%ipset-cloudflare-%CDN_BypassLevel%.txt\" --payload=dht --out-range=-d10 --lua-desync=fake:blob=quic_google:repeats=11 --lua-desync=dht_dn:dn=2",
        "--filter-tcp=2053,2083,2087,2096,8443 --filter-l7=tls --out-range=-n5 --payload=tls_client_hello --lua-desync=rst:tcp_md5sig=1:tcp_seq=-10000:tcp_ack=-66000 --lua-desync=multidisorder:pos=3:tcp_md5sig=1:tcp_seq=-10000:tcp_ack=-66000",
        "--filter-udp=5056,27002 --out-range=-n15 --payload=quic_initial --lua-desync=fake:blob=quic_google:repeats=6",
        "--filter-tcp=80,443,6568 --ipset=\"%LISTS%ipset-anydesk.txt\" --out-range=-d10 --lua-desync=fake:blob=fake_default_tls:repeats=6:ip_ttl=3:ip6_ttl=3:tls_mod=rnd,dupsid,sni=www.google.com"
      ],
       "7": [
        "--blob=quic_google:@\"%FAKE%quic_initial_www_google_com.bin\"",
        "--blob=tls7:@\"%FAKE%fake_tls_7.bin\"",
        "--filter-tcp=80,443,444-65535 --ipset=\"%LISTS%ipset-cloudflare-%CDN_BypassLevel%.txt\" --ipset-exclude=\"%LISTS%ipset-dns.txt\" --out-range=-d10 --lua-desync=send:repeats=2 --lua-desync=syndata:blob=tls7",
        "--filter-udp=443,444-65535 --ipset=\"%LISTS%ipset-cloudflare-%CDN_BypassLevel%.txt\" --payload=dht --out-range=-d10 --lua-desync=fake:blob=quic_google:repeats=11 --lua-desync=dht_dn:dn=2",
        "--filter-tcp=2053,2083,2087,2096,8443 --filter-l7=tls --out-range=-n5 --payload=tls_client_hello --lua-desync=rst:tcp_md5sig=1:tcp_seq=-10000:tcp_ack=-66000 --lua-desync=multidisorder:pos=3:tcp_md5sig=1:tcp_seq=-10000:tcp_ack=-66000",
        "--filter-udp=5056,27002 --out-range=-n15 --payload=quic_initial --lua-desync=fake:blob=quic_google:repeats=6",
        "--filter-tcp=80,443,6568 --ipset=\"%LISTS%ipset-anydesk.txt\" --out-range=-d10 --lua-desync=fake:blob=fake_default_tls:repeats=6:ip_ttl=3:ip6_ttl=3:tls_mod=rnd,dupsid,sni=www.google.com"
      ],
       "8": [
        "--blob=quic_google:@\"%FAKE%quic_initial_www_google_com.bin\"",
        "--blob=tls_google:@\"%FAKE%tls_clienthello_www_google_com.bin\"",
        "--filter-tcp=80,443,444-65535 --ipset=\"%LISTS%ipset-cloudflare-%CDN_BypassLevel%.txt\" --ipset-exclude=\"%LISTS%ipset-dns.txt\" --out-range=-d10 --lua-desync=send:repeats=2 --lua-desync=syndata:blob=tls_google --lua-desync=multidisorder:seqovl=700:seqovl_pattern=tls_google:tcp_flags_unset=ack",
        "--filter-udp=443,444-65535 --ipset=\"%LISTS%ipset-cloudflare-%CDN_BypassLevel%.txt\" --payload=dht --out-range=-d10 --lua-desync=fake:blob=quic_google:repeats=11 --lua-desync=dht_dn:dn=2",
        "--filter-tcp=2053,2083,2087,2096,8443 --filter-l7=tls --out-range=-n5 --payload=tls_client_hello --lua-desync=rst:tcp_md5sig=1:tcp_seq=-10000:tcp_ack=-66000 --lua-desync=multidisorder:pos=3:tcp_md5sig=1:tcp_seq=-10000:tcp_ack=-66000",
        "--filter-udp=5056,27002 --out-range=-n15 --payload=quic_initial --lua-desync=fake:blob=quic_google:repeats=6",
        "--filter-tcp=80,443,6568 --ipset=\"%LISTS%ipset-anydesk.txt\" --out-range=-d10 --lua-desync=send:repeats=2 --lua-desync=syndata:blob=tls_google --lua-desync=multidisorder:seqovl=700:seqovl_pattern=tls_google:tcp_flags_unset=ack"
      ],
       "9": [
        "--blob=quic_google:@\"%FAKE%quic_initial_www_google_com.bin\"",
        "--blob=tls_max:@\"%FAKE%tls_clienthello_max_ru.bin\"",
        "--filter-tcp=80,443,444-65535 --ipset=\"%LISTS%ipset-cloudflare-%CDN_BypassLevel%.txt\" --ipset-exclude=\"%LISTS%ipset-dns.txt\" --out-range=-d10 --lua-desync=send:repeats=2 --lua-desync=syndata:blob=tls_max --lua-desync=multisplit:pos=midsld",
        "--filter-udp=443,444-65535 --ipset=\"%LISTS%ipset-cloudflare-%CDN_BypassLevel%.txt\" --payload=all --out-range=-n2 --lua-desync=fake:repeats=6",
        "--filter-tcp=2053,2083,2087,2096,8443 --filter-l7=tls --out-range=-n5 --payload=tls_client_hello --lua-desync=rst:tcp_md5sig=1:tcp_seq=-10000:tcp_ack=-66000 --lua-desync=multidisorder:pos=3:tcp_md5sig=1:tcp_seq=-10000:tcp_ack=-66000",
        "--filter-udp=5056,27002 --out-range=-n15 --payload=quic_initial --lua-desync=fake:blob=quic_google:repeats=6",
        "--filter-tcp=80,443,6568 --ipset=\"%LISTS%ipset-anydesk.txt\" --out-range=-d10 --lua-desync=send:repeats=2 --lua-desync=syndata:blob=tls_max --lua-desync=multisplit:pos=midsld"
      ],
       "10": [
        "--blob=quic_google:@\"%FAKE%quic_initial_www_google_com.bin\"",
        "--blob=tls_max:@\"%FAKE%tls_clienthello_max_ru.bin\"",
        "--blob=quic_test:@\"%FAKE%quic_test_00.bin\"",
        "--filter-tcp=80,443,444-65535 --ipset=\"%LISTS%ipset-cloudflare-%CDN_BypassLevel%.txt\" --ipset-exclude=\"%LISTS%ipset-dns.txt\" --out-range=-n8 --lua-desync=send:repeats=2 --lua-desync=syndata:blob=tls_google:ip_autottl=-2,3-20 --lua-desync=multisplit:seqovl=700:seqovl_pattern=tls_google:tcp_flags_unset=ack",
        "--filter-udp=443,444-65535 --ipset=\"%LISTS%ipset-cloudflare-%CDN_BypassLevel%.txt\" --payload=all --lua-desync=fake:blob=quic_test:repeats=2:payload=all",
        "--filter-tcp=2053,2083,2087,2096,8443 --filter-l7=tls --out-range=-n5 --payload=tls_client_hello --lua-desync=rst:tcp_md5sig=1:tcp_seq=-10000:tcp_ack=-66000 --lua-desync=multidisorder:pos=3:tcp_md5sig=1:tcp_seq=-10000:tcp_ack=-66000",
        "--filter-udp=5056,27002 --out-range=-n15 --payload=quic_initial --lua-desync=fake:blob=quic_google:repeats=6",
        "--filter-tcp=80,443,6568 --ipset=\"%LISTS%ipset-anydesk.txt\" --out-range=-d10 --lua-desync=send:repeats=2 --lua-desync=syndata:blob=tls_max --lua-desync=multisplit:pos=midsld"
      ],
       "11": [
        "--blob=quic_google:@\"%FAKE%quic_initial_www_google_com.bin\"",
        "--blob=tls_max:@\"%FAKE%tls_clienthello_max_ru.bin\"",
        "--blob=quic_test:@\"%FAKE%quic_test_00.bin\"",
        "--filter-tcp=80,443,444-65535 --ipset=\"%LISTS%ipset-cloudflare-%CDN_BypassLevel%.txt\" --ipset-exclude=\"%LISTS%ipset-dns.txt\" --lua-desync=fake:blob=fake_default_tls:repeats=6:ip_ttl=1:ip6_ttl=1:tcp_ack=-66000:tls_mod=rnd,dupsid,sni=www.google.com --lua-desync=tls_multisplit_sni:seqovl=211",
        "--filter-udp=443,444-65535 --ipset=\"%LISTS%ipset-cloudflare-%CDN_BypassLevel%.txt\" --payload=all --lua-desync=fake:blob=quic_test:repeats=2:payload=all",
        "--filter-tcp=2053,2083,2087,2096,8443 --filter-l7=tls --out-range=-n5 --payload=tls_client_hello --lua-desync=rst:tcp_md5sig=1:tcp_seq=-10000:tcp_ack=-66000 --lua-desync=multidisorder:pos=3:tcp_md5sig=1:tcp_seq=-10000:tcp_ack=-66000",
        "--filter-udp=5056,27002 --out-range=-n15 --payload=quic_initial --lua-desync=fake:blob=quic_google:repeats=6",
        "--filter-tcp=80,443,6568 --ipset=\"%LISTS%ipset-anydesk.txt\" --out-range=-d10 --lua-desync=send:repeats=2 --lua-desync=syndata:blob=tls_max --lua-desync=multisplit:pos=midsld"
      ],
       "12": [
        "--blob=quic_google:@\"%FAKE%quic_initial_www_google_com.bin\"",
        "--blob=tls_max:@\"%FAKE%tls_clienthello_max_ru.bin\"",
        "--blob=quic_test:@\"%FAKE%quic_test_00.bin\"",
        "--blob=tls_google:@\"%FAKE%tls_clienthello_www_google_com.bin\"",
        "--filter-tcp=80,443,444-65535 --ipset=\"%LISTS%ipset-cloudflare-%CDN_BypassLevel%.txt\" --ipset-exclude=\"%LISTS%ipset-dns.txt\" --out-range=-n8 --lua-desync=send:repeats=2 --lua-desync=syndata:blob=tls_google:ip_autottl=-2,3-20 --lua-desync=multisplit:seqovl=700:seqovl_pattern=tls_google:tcp_flags_unset=ack",
        "--filter-udp=443,444-65535 --ipset=\"%LISTS%ipset-cloudflare-%CDN_BypassLevel%.txt\" --payload=all --lua-desync=fake:blob=quic_test:repeats=2:payload=all",
        "--filter-tcp=2053,2083,2087,2096,8443 --filter-l7=tls --out-range=-n5 --payload=tls_client_hello --lua-desync=rst:tcp_md5sig=1:tcp_seq=-10000:tcp_ack=-66000 --lua-desync=multidisorder:pos=3:tcp_md5sig=1:tcp_seq=-10000:tcp_ack=-66000",
        "--filter-udp=5056,27002 --out-range=-n15 --payload=quic_initial --lua-desync=fake:blob=quic_google:repeats=6",
        "--filter-tcp=80,443,6568 --ipset=\"%LISTS%ipset-anydesk.txt\" --out-range=-d10 --lua-desync=send:repeats=2 --lua-desync=syndata:blob=tls_max --lua-desync=multisplit:pos=midsld"
      ],
       "13": [
        "--blob=quic_google:@\"%FAKE%quic_initial_www_google_com.bin\"",
        "--blob=tls_max:@\"%FAKE%tls_clienthello_max_ru.bin\"",
        "--blob=quic_test:@\"%FAKE%quic_test_00.bin\"",
        "--blob=tls_google:@\"%FAKE%tls_clienthello_www_google_com.bin\"",
        "--filter-tcp=80,443,444-65535 --ipset=\"%LISTS%ipset-cloudflare-%CDN_BypassLevel%.txt\" --ipset-exclude=\"%LISTS%ipset-dns.txt\" --lua-desync=fake:blob=fake_default_tls:repeats=8:tcp_ack=-10000000:tcp_ts_up:tls_mod=rnd,dupsid,sni=www.google.com --lua-desync=multisplit:pos=1:seqovl=681:seqovl_pattern=tls_google:tcp_ack=-10000000:tcp_ts_up",
        "--filter-udp=443,444-65535 --ipset=\"%LISTS%ipset-cloudflare-%CDN_BypassLevel%.txt\" --payload=all --lua-desync=fake:blob=quic_test:repeats=2:payload=all",
        "--filter-tcp=2053,2083,2087,2096,8443 --filter-l7=tls --out-range=-n5 --payload=tls_client_hello --lua-desync=rst:tcp_md5sig=1:tcp_seq=-10000:tcp_ack=-66000 --lua-desync=multidisorder:pos=3:tcp_md5sig=1:tcp_seq=-10000:tcp_ack=-66000",
        "--filter-udp=5056,27002 --out-range=-n15 --payload=quic_initial --lua-desync=fake:blob=quic_google:repeats=6",
        "--filter-tcp=80,443,6568 --ipset=\"%LISTS%ipset-anydesk.txt\" --out-range=-d10 --lua-desync=send:repeats=2 --lua-desync=syndata:blob=tls_max --lua-desync=multisplit:pos=midsld"
      ]
    },
    "AmazonTCP": {
      "1": [
        "--blob=tls_google:@\"%FAKE%tls_clienthello_www_google_com.bin\"",
        "--filter-tcp=80,443-65535 --hostlist=\"%LISTS%list-amazon.txt\" --out-range=-n8 --lua-desync=multisplit:seqovl=700:seqovl_pattern=tls_google:tcp_flags_unset=ack"
      ],
      "2": [
        "--blob=tls_google:@\"%FAKE%tls_clienthello_www_google_com.bin\"",
        "--filter-tcp=80,443-65535 --hostlist=\"%LISTS%list-amazon.txt\" --out-range=-n8 --lua-desync=multidisorder:seqovl=700:seqovl_pattern=tls_google:tcp_flags_unset=ack"
      ],
      "3": [
        "--blob=tls_google:@\"%FAKE%tls_clienthello_www_google_com.bin\"",
        "--filter-tcp=80,443-65535 --hostlist=\"%LISTS%list-amazon.txt\" --out-range=-n8 --lua-desync=multidisorder:seqovl=1000:seqovl_pattern=tls_google:tcp_flags_unset=ack"
      ],
      "4": [
        "--blob=fake_tls_3:@\"%FAKE%fake_tls_3.bin\"",
        "--filter-tcp=80,443-65535 --hostlist=\"%LISTS%list-amazon.txt\" --out-range=-n8 --lua-desync=multisplit:pos=midsld"
      ],
      "5": [
        "--blob=fake_tls_3:@\"%FAKE%fake_tls_3.bin\"",
        "--filter-tcp=80,443-65535 --hostlist=\"%LISTS%list-amazon.txt\" --out-range=-n8 --lua-desync=hostfakesplit:host=ozon.ru:tcp_ts=-1000:tcp_md5:repeats=4"
      ],
      "6": [
        "--blob=tls_google:@\"%FAKE%tls_clienthello_www_google_com.bin\"",
        "--filter-tcp=80,443-65535 --hostlist=\"%LISTS%list-amazon.txt\" --out-range=-n8 --lua-desync=multidisorder:pos=1,midsld:seqovl=680:seqovl_pattern=tls_google:tls_mod=rnd,rndsni,dupsid:tcp_ack=-66000:ip_ttl=-1,3-20:ip6_ttl=-1,3-20"
      ],
      "7": [
        "--blob=tls_google:@\"%FAKE%tls_clienthello_www_google_com.bin\"",
        "--filter-tcp=80,443-65535 --hostlist=\"%LISTS%list-amazon.txt\" --out-range=-n8 --lua-desync=fake:blob=tls_google:ip_autottl=-1,3-20:ip6_autottl=-1,3-20:repeats=6:tcp_ack=-66000"
      ],
      "8": [
        "--blob=tls_google:@\"%FAKE%tls_clienthello_www_google_com.bin\"",
        "--filter-tcp=80,443-65535 --hostlist=\"%LISTS%list-amazon.txt\" --out-range=-n8 --lua-desync=fake:blob=tls_google:ip_autottl=-1,3-20:ip6_autottl=-1,3-20:repeats=6:tcp_ack=-66000:seqovl=680:seqovl_pattern=tls_google"
      ],
      "9": [
        "--blob=tls_max:@\"%FAKE%tls_clienthello_max_ru.bin\"",
        "--filter-tcp=80,443-65535 --hostlist=\"%LISTS%list-amazon.txt\" --out-range=-n8 --lua-desync=send:repeats=2 --lua-desync=syndata:blob=tls_max --lua-desync=fake:blob=tls_max:ip_autottl=-1,3-20:ip6_autottl=-1,3-20:repeats=6:tcp_ack=-66000:seqovl=680:seqovl_pattern=tls_max"
      ],
      "10": [
        "--blob=tls_max:@\"%FAKE%tls_clienthello_max_ru.bin\"",
        "--filter-tcp=80,443-65535 --hostlist=\"%LISTS%list-amazon.txt\" --out-range=-n8 --lua-desync=syndata:blob=tls_max --lua-desync=fake:blob=tls_max:badsum:repeats=8 --lua-desync=multidisorder:pos=1:seqovl=681:seqovl_pattern=tls_max"
      ],
      "11": [
        "--blob=tls_max:@\"%FAKE%tls_clienthello_max_ru.bin\"",
        "--filter-tcp=80,443-65535 --hostlist=\"%LISTS%list-amazon.txt\" -out-range=-d10 --lua-desync=send:repeats=2 --lua-desync=syndata:blob=tls_max --lua-desync=multisplit:pos=midsld"
      ],
      "12": [
        "--blob=tls_google:@\"%FAKE%tls_clienthello_www_google_com.bin\"",
        "--filter-tcp=80,443-65535 --hostlist=\"%LISTS%list-amazon.txt\" --out-range=-d10 --lua-desync=send:repeats=2 --lua-desync=syndata:blob=tls_google --lua-desync=multidisorder:seqovl=700:seqovl_pattern=tls_google:tcp_flags_unset=ack"
      ],
      "13": [
        "--blob=tls7:@\"%FAKE%fake_tls_7.bin\"",
        "--filter-tcp=80,443-65535 --hostlist=\"%LISTS%list-amazon.txt\" --out-range=-d10 --lua-desync=send:repeats=2 --lua-desync=syndata:blob=tls7"
      ],
      "14": [
        "--filter-tcp=80,443-65535 --hostlist=\"%LISTS%list-amazon.txt\" --payload=tls_client_hello --out-range=-d10 --lua-desync=tls_fake_split:fakes=4:ttl=2:pos=midsld"
      ],
      "15": [
        "--filter-tcp=80,443-65535 --hostlist=\"%LISTS%list-amazon.txt\" --payload=tls_client_hello --out-range=-d10 --lua-desync=fake:blob=fake_default_tls:repeats=6:ip_ttl=3:ip6_ttl=3:tls_mod=rnd,dupsid,sni=www.google.com"
      ],
      "16": [
        "--filter-tcp=80,443-65535 --hostlist=\"%LISTS%list-amazon.txt\" --payload=tls_client_hello --out-range=-d10 --lua-desync=tls_fake_flood:fakes=11:md5sig"
      ],
      "17": [
        "--filter-tcp=80,443-65535 --hostlist=\"%LISTS%list-amazon.txt\" --payload=tls_client_hello --out-range=-d10 --lua-desync=fake:blob=fake_default_tls:repeats=6:tcp_md5:tls_mod=rnd,dupsid,sni=www.google.com"
      ],
      "18": [
        "--blob=tls4:@\"%FAKE%fake_tls_4.bin\"",
        "--filter-tcp=80,443-65535 --hostlist=\"%LISTS%list-amazon.txt\" --out-range=-n5 --payload=http_req --lua-desync=fake:blob=0x1603:blob=!+2:tls_mod=rnd,dupsid,sni=fonts.google.com:ip_id=seq --lua-desync=fakedsplit:pos=method+2:tcp_ack=-66000:tcp_ts_up --lua-desync=multisplit:seqovl_pattern=tls4:pos=1"
      ],
      "19": [
        "--blob=tls4:@\"%FAKE%fake_tls_4.bin\"",
        "--blob=tls_google:@\"%FAKE%tls_clienthello_www_google_com.bin\"",
        "--filter-tcp=80,443-65535 --hostlist=\"%LISTS%list-amazon.txt\" --out-range=-n5 --payload=tls_client_hello --lua-desync=fake:blob=0x1603:tls_mod=rnd,dupsid,sni=fonts.google.com --lua-desync=fake:blob=tls_google:tls_mod=rnd,dupsid,sni=fonts.google.com --lua-desync=multisplit:seqovl_pattern=tls4:pos=1:seqovl=314"
      ],
      "20": [
        "--blob=tls4:@\"%FAKE%fake_tls_4.bin\"",
        "--blob=tls_google:@\"%FAKE%tls_clienthello_www_google_com.bin\"",
        "--filter-tcp=80,443-65535 --hostlist=\"%LISTS%list-amazon.txt\" --out-range=-n8 --lua-desync=send:repeats=2 --lua-desync=syndata:blob=tls_google:ip_autottl=-2,3-20 --lua-desync=multisplit:seqovl=700:seqovl_pattern=tls_google:tcp_flags_unset=ack"
      ]
    },
    "AmazonUDP": {
      "1": [
        "--filter-udp=443-65535 --ipset=\"%LISTS%ipset-amazon.txt\" --out-range=-n2 --payload=all --lua-desync=fake:repeats=6:blob=fake_default_quic"
      ],
      "2": [
        "--blob=quic_google:@\"%FAKE%quic_initial_www_google_com.bin\"",
        "--filter-udp=443-65535 --ipset=\"%LISTS%ipset-amazon.txt\" --out-range=-n2 --payload=all --lua-desync=fake:blob=quic_google:repeats=6"
      ],
      "3": [
        "--blob=quic_google:@\"%FAKE%quic_initial_www_google_com.bin\"",
        "--filter-udp=443-65535 --ipset=\"%LISTS%ipset-amazon.txt\" --out-range=-n2 --payload=all --lua-desync=fake:blob=quic_google:repeats=2"
      ],
      "4": [
        "--blob=quic_google:@\"%FAKE%quic_initial_www_google_com.bin\"",
        "--filter-udp=443-65535 --ipset=\"%LISTS%ipset-amazon.txt\" --out-range=-n2 --payload=all --lua-desync=fake:blob=quic_google:repeats=4"
      ],
      "5": [
        "--blob=quic1:@\"%FAKE%quic_1.bin\"",
        "--filter-udp=443-65535 --ipset=\"%LISTS%ipset-amazon.txt\" --out-range=-n2 --payload=all --lua-desync=fake:blob=quic1:repeats=4"
      ],
      "6": [
        "--blob=quic_google:@\"%FAKE%quic_initial_www_google_com.bin\"",
        "--filter-udp=443-65535 --ipset=\"%LISTS%ipset-amazon.txt\" --out-range=-n2 --payload=all --lua-desync=fake:blob=quic_google:repeats=6"
      ],
      "7": [
        "--blob=quic_google:@\"%FAKE%quic_initial_www_google_com.bin\"",
        "--filter-udp=443-65535 --ipset=\"%LISTS%ipset-amazon.txt\" --out-range=-n2 --payload=all --lua-desync=fake:blob=quic_google:repeats=12:ip_autottl=2,3-20:ip6_autottl=2,3-20:payload=all"
      ],
      "8": [
        "--blob=quic_google:@\"%FAKE%quic_initial_www_google_com.bin\"",
        "--filter-udp=443-65535 --ipset=\"%LISTS%ipset-amazon.txt\" --out-range=-n2 --payload=all --lua-desync=fake:blob=quic_google:repeats=14:ip_autottl=2,3-20:ip6_autottl=2,3-20:payload=all"
      ],
      "9": [
        "--blob=fake_tls_3:@\"%FAKE%fake_tls_3.bin\"",
        "--filter-udp=443-65535 --ipset=\"%LISTS%ipset-amazon.txt\" --out-range=-n2 --payload=dht --lua-desync=fake:blob=fake_default_quic:repeats=11:ip_autottl=2,3-20:ip6_autottl=2,3-20:payload=all --lua-desync=dht_dn:dn=2"
      ],
      "10": [
        "--blob=quic6:@\"%FAKE%quic_6.bin\"",
        "--filter-udp=443-65535 --ipset=\"%LISTS%ipset-amazon.txt\" --out-range=-n2 --payload=all --lua-desync=fake:blob=quic6:repeats=2:ip_ttl=7:ip6_ttl=7:payload=all"
      ]
    },
    "Custom": {
      "1": [
        "--blob=tls_google:@\"%FAKE%tls_clienthello_www_google_com.bin\"",
        "--filter-tcp=80,443-65535 --hostlist=\"%LISTS%list-custom.txt\" --ipset=\"%LISTS%ipset-custom.txt\" --out-range=-n8 --lua-desync=multisplit:seqovl=700:seqovl_pattern=tls_google:tcp_flags_unset=ack"
      ],
      "2": [
        "--blob=tls_google:@\"%FAKE%tls_clienthello_www_google_com.bin\"",
        "--filter-tcp=80,443-65535 --hostlist=\"%LISTS%list-custom.txt\" --ipset=\"%LISTS%ipset-custom.txt\" --out-range=-n8 --lua-desync=multidisorder:seqovl=700:seqovl_pattern=tls_google:tcp_flags_unset=ack"
      ],
      "3": [
        "--blob=tls_google:@\"%FAKE%tls_clienthello_www_google_com.bin\"",
        "--filter-tcp=80,443-65535 --hostlist=\"%LISTS%list-custom.txt\" --ipset=\"%LISTS%ipset-custom.txt\" --out-range=-n8 --lua-desync=multidisorder:seqovl=1000:seqovl_pattern=tls_google:tcp_flags_unset=ack"
      ],
      "4": [
        "--blob=fake_tls_3:@\"%FAKE%fake_tls_3.bin\"",
        "--filter-tcp=80,443-65535 --hostlist=\"%LISTS%list-custom.txt\" --ipset=\"%LISTS%ipset-custom.txt\" --out-range=-n8 --lua-desync=multisplit:pos=midsld"
      ],
      "5": [
        "--blob=fake_tls_3:@\"%FAKE%fake_tls_3.bin\"",
        "--filter-tcp=80,443-65535 --hostlist=\"%LISTS%list-custom.txt\" --ipset=\"%LISTS%ipset-custom.txt\" --out-range=-n8 --lua-desync=hostfakesplit:host=ozon.ru:tcp_ts=-1000:tcp_md5:repeats=4"
      ],
      "6": [
        "--blob=tls_google:@\"%FAKE%tls_clienthello_www_google_com.bin\"",
        "--filter-tcp=80,443-65535 --hostlist=\"%LISTS%list-custom.txt\" --ipset=\"%LISTS%ipset-custom.txt\" --out-range=-n8 --lua-desync=multidisorder:pos=1,midsld:seqovl=680:seqovl_pattern=tls_google:tls_mod=rnd,rndsni,dupsid:tcp_ack=-66000:ip_ttl=-1,3-20:ip6_ttl=-1,3-20"
      ],
      "7": [
        "--blob=tls_google:@\"%FAKE%tls_clienthello_www_google_com.bin\"",
        "--filter-tcp=80,443-65535 --hostlist=\"%LISTS%list-custom.txt\" --ipset=\"%LISTS%ipset-custom.txt\" --out-range=-n8 --lua-desync=fake:blob=tls_google:ip_autottl=-1,3-20:ip6_autottl=-1,3-20:repeats=6:tcp_ack=-66000:seqovl=680:seqovl_pattern=tls_google"
      ],
      "8": [
        "--blob=tls_max:@\"%FAKE%tls_clienthello_max_ru.bin\"",
        "--filter-tcp=80,443-65535 --hostlist=\"%LISTS%list-custom.txt\" --ipset=\"%LISTS%ipset-custom.txt\" --out-range=-n8 --lua-desync=send:repeats=2 --lua-desync=syndata:blob=tls_max --lua-desync=fake:blob=tls_max:ip_autottl=-1,3-20:ip6_autottl=-1,3-20:repeats=6:tcp_ack=-66000:seqovl=680:seqovl_pattern=tls_max"
      ],
      "9": [
        "--blob=tls_max:@\"%FAKE%tls_clienthello_max_ru.bin\"",
        "--filter-tcp=80,443-65535 --hostlist=\"%LISTS%list-custom.txt\" --ipset=\"%LISTS%ipset-custom.txt\" --out-range=-n8 --lua-desync=syndata:blob=tls_max --lua-desync=fake:blob=tls_max:badsum:repeats=8 --lua-desync=multidisorder:pos=1:seqovl=681:seqovl_pattern=tls_max"
      ],
      "10": [
        "--blob=tls_max:@\"%FAKE%tls_clienthello_max_ru.bin\"",
        "--filter-tcp=80,443-65535 --hostlist=\"%LISTS%list-custom.txt\" --ipset=\"%LISTS%ipset-custom.txt\" --out-range=-d10 --lua-desync=send:repeats=2 --lua-desync=syndata:blob=tls_max --lua-desync=multisplit:pos=midsld"
      ],
      "11": [
        "--blob=tls_google:@\"%FAKE%tls_clienthello_www_google_com.bin\"",
        "--filter-tcp=80,443-65535 --hostlist=\"%LISTS%list-custom.txt\" --ipset=\"%LISTS%ipset-custom.txt\" --out-range=-d10 --lua-desync=send:repeats=2 --lua-desync=syndata:blob=tls_google --lua-desync=multidisorder:seqovl=700:seqovl_pattern=tls_google:tcp_flags_unset=ack"
      ],
      "12": [
        "--blob=tls7:@\"%FAKE%fake_tls_7.bin\"",
        "--filter-tcp=80,443-65535 --hostlist=\"%LISTS%list-custom.txt\" --ipset=\"%LISTS%ipset-custom.txt\" --out-range=-d10 --lua-desync=send:repeats=2 --lua-desync=syndata:blob=tls7"
      ],
      "13": [
        "--filter-tcp=80,443-65535 --hostlist=\"%LISTS%list-custom.txt\" --ipset=\"%LISTS%ipset-custom.txt\" --payload=tls_client_hello --out-range=-d10 --lua-desync=tls_fake_split:fakes=4:ttl=2:pos=midsld"
      ],
      "14": [
        "--filter-tcp=80,443-65535 --hostlist=\"%LISTS%list-custom.txt\" --ipset=\"%LISTS%ipset-custom.txt\" --payload=tls_client_hello --out-range=-d10 --lua-desync=fake:blob=fake_default_tls:repeats=6:ip_ttl=3:ip6_ttl=3:tls_mod=rnd,dupsid,sni=www.google.com"
      ],
      "15": [
        "--filter-tcp=80,443-65535 --hostlist=\"%LISTS%list-custom.txt\" --ipset=\"%LISTS%ipset-custom.txt\" --payload=tls_client_hello --out-range=-d10 --lua-desync=tls_fake_flood:fakes=11:md5sig"
      ],
      "16": [
        "--filter-tcp=80,443-65535 --hostlist=\"%LISTS%list-custom.txt\" --ipset=\"%LISTS%ipset-custom.txt\" --payload=tls_client_hello --out-range=-d10 --lua-desync=fake:blob=fake_default_tls:repeats=6:tcp_md5:tls_mod=rnd,dupsid,sni=www.google.com"
      ],
      "17": [
        "--blob=tls4:@\"%FAKE%fake_tls_4.bin\"",
        "--filter-tcp=80,443-65535 --hostlist=\"%LISTS%list-custom.txt\" --ipset=\"%LISTS%ipset-custom.txt\" --out-range=-n5 --payload=http_req --lua-desync=fake:blob=0x1603:blob=!+2:tls_mod=rnd,dupsid,sni=fonts.google.com:ip_id=seq --lua-desync=fakedsplit:pos=method+2:tcp_ack=-66000:tcp_ts_up --lua-desync=multisplit:seqovl_pattern=tls4:pos=1"
      ],
      "18": [
        "--blob=tls4:@\"%FAKE%fake_tls_4.bin\"",
        "--blob=tls_google:@\"%FAKE%tls_clienthello_www_google_com.bin\"",
        "--filter-tcp=80,443-65535 --hostlist=\"%LISTS%list-custom.txt\" --ipset=\"%LISTS%ipset-custom.txt\" --out-range=-n5 --payload=tls_client_hello --lua-desync=fake:blob=0x1603:tls_mod=rnd,dupsid,sni=fonts.google.com --lua-desync=fake:blob=tls_google:tls_mod=rnd,dupsid,sni=fonts.google.com --lua-desync=multisplit:seqovl_pattern=tls4:pos=1:seqovl=314"
      ]
    }
  }
}
