{
  "prefix_rules": [
    "--wf-tcp=80,443,2053,2083,2087,2096,6568,8443 --wf-udp=443,1024-65535",
    "--wf-raw-part=@\"%BIN%windivert.filter\\windivert_part.discord_media.txt\"",
    "--wf-raw-part=@\"%BIN%windivert.filter\\windivert_part.stun.txt\"",
    "--filter-tcp=80,443 --ipset=\"%LISTS%netrogat_ip.txt\" --ipset=\"%LISTS%netrogat_ip_custom.txt\" --new",
    "--filter-tcp=80,443 --hostlist=\"%LISTS%netrogat.txt\" --hostlist=\"%LISTS%netrogat_custom.txt\""
  ],
  "services": {
    "YouTube": {
      "1": [
        "--filter-tcp=443 --filter-l7=unknown --ipset=\"%LISTS%russia-youtube-rtmps.txt\" --dpi-desync-any-protocol=1 --dpi-desync=multisplit --dpi-desync-split-seqovl=228 --dpi-desync-split-seqovl-pattern=\"%FAKE%fake_tls_2.bin\" --dpi-desync-cutoff=n3",
        "--ipcache-hostname=1 --ipcache-lifetime=0 --filter-tcp=443 --filter-l7=tls --hostlist=\"%LISTS%list-youtube.txt\" --dpi-desync=fake,multidisorder --dpi-desync-split-pos=5,sld+1 --dpi-desync-fake-tls=0x0F0F0F0F --dpi-desync-fake-tls=\"%FAKE%tls_clienthello_max_ru.bin\" --dpi-desync-fake-tls-mod=rnd,dupsid,rndsni,sni=fonts.google.com --dpi-desync-fooling=ts,badseq --dpi-desync-cutoff=n5"
      ],
      "2": [
        "--filter-tcp=443 --filter-l7=unknown --ipset=\"%LISTS%russia-youtube-rtmps.txt\" --dpi-desync-any-protocol=1 --dpi-desync=multisplit --dpi-desync-split-seqovl=228 --dpi-desync-split-seqovl-pattern=\"%FAKE%fake_tls_2.bin\" --dpi-desync-cutoff=n3",
        "--filter-tcp=443 --filter-l7=tls --hostlist=\"%LISTS%list-youtube.txt\" --dpi-desync-any-protocol=1 --dpi-desync=multisplit --dpi-desync-split-seqovl=314 --dpi-desync-split-pos=1 --dpi-desync-split-seqovl-pattern=\"%FAKE%fake_tls_4.bin\" --dpi-desync-cutoff=n5"
      ],
      "3": [
        "--filter-tcp=443 --filter-l7=unknown --ipset=\"%LISTS%russia-youtube-rtmps.txt\" --dpi-desync=fake,udplen --dpi-desync-udplen-pattern=0x0F0F0E0F --dpi-desync-fake-quic=\"%FAKE%fake_quic_3.bin\" --dpi-desync-repeats=2 --dpi-desync-ttl=5 --dpi-desync-cutoff=n3",
        "--filter-tcp=443 --filter-l7=tls --hostlist=\"%LISTS%list-youtube.txt\" --dpi-desync-any-protocol=1 --dpi-desync=fake,multisplit --dpi-desync-split-pos=1,sld+1 --dpi-desync-fake-tls=0x0F0F0F0F --dpi-desync-fake-tls=\"%FAKE%fake_tls_3.bin\" --dpi-desync-fake-tls-mod=rnd,dupsid,rndsni --dpi-desync-fooling=ts,badseq --dpi-desync-cutoff=n5"
      ],
      "4": [
        "--filter-tcp=443 --filter-l7=unknown --ipset=\"%LISTS%russia-youtube-rtmps.txt\" --dpi-desync-any-protocol=1 --dpi-desync=syndata --dpi-desync-fake-syndata=\"%FAKE%fake_syndata.bin\" --dpi-desync-cutoff=n3",
        "--filter-tcp=443 --filter-l7=tls --hostlist=\"%LISTS%list-youtube.txt\" --dpi-desync-any-protocol=1 --dpi-desync=fake,multisplit --dpi-desync-split-pos=1,sld+1 --dpi-desync-fake-tls=0x0F0F0F0F --dpi-desync-fake-tls=\"%FAKE%fake_tls_3.bin\" --dpi-desync-fake-tls-mod=rnd,dupsid,rndsni --dpi-desync-fooling=ts,badseq --dpi-desync-cutoff=n5"
      ],
      "5": [
        "--filter-tcp=443 --filter-l7=unknown --ipset=\"%LISTS%russia-youtube-rtmps.txt\" --dpi-desync-any-protocol=1 --dpi-desync=syndata --dpi-desync-fake-syndata=\"%FAKE%syn_packet.bin\" --dup=2 --dup-cutoff=n3",
        "--filter-tcp=443 --filter-l7=tls --hostlist=\"%LISTS%list-youtube.txt\" --dpi-desync=fake --dpi-desync-fake-tls=\"%FAKE%tls_clienthello_14.bin\" --dpi-desync-fake-tls-mod=rnd,dupsid,sni=www.google.com --dpi-desync-fake-tls-mod=rnd,rndsni,dupsid"
      ],
      "6": [
        "--filter-tcp=443 --filter-l7=unknown --ipset=\"%LISTS%russia-youtube-rtmps.txt\" --dpi-desync-any-protocol=1 --dpi-desync=syndata --dpi-desync-fake-syndata=\"%FAKE%syn_packet.bin\" --dup=2 --dup-cutoff=n3",
        "--filter-tcp=443 --filter-l7=tls --hostlist=\"%LISTS%list-youtube.txt\" --dpi-desync=multisplit --dpi-desync-repeats=2 --dpi-desync-split-seqovl=681 --dpi-desync-split-pos=1 --dpi-desync-fooling=badseq,hopbyhop2 --dpi-desync-split-seqovl-pattern=\"%FAKE%tls_clienthello_www_google_com.bin\""
      ],
      "7": [
        "--filter-tcp=443 --filter-l7=unknown --ipset=\"%LISTS%russia-youtube-rtmps.txt\" --dpi-desync-any-protocol=1 --dpi-desync=syndata --dpi-desync-fake-syndata=\"%FAKE%syn_packet.bin\" --dup=2 --dup-cutoff=n3",
        "--filter-tcp=443 --filter-l7=tls --hostlist=\"%LISTS%list-youtube.txt\" --dpi-desync=fake,multidisorder --dpi-desync-split-pos=7,sld+1 --dpi-desync-fake-tls=0x0F0F0F0F --dpi-desync-fake-tls=\"%FAKE%tls_clienthello_4.bin\" --dpi-desync-fake-tls-mod=rnd,dupsid,sni=fonts.google.com --dpi-desync-fooling=badseq --dpi-desync-autottl 2:2-12"
      ],
      "8": [
        "--filter-tcp=443 --filter-l7=unknown --ipset=\"%LISTS%russia-youtube-rtmps.txt\" --dpi-desync-any-protocol=1 --dpi-desync=syndata --dpi-desync-fake-syndata=\"%FAKE%syn_packet.bin\" --dup=2 --dup-cutoff=n3",
        "--filter-tcp=443 --filter-l7=tls --hostlist=\"%LISTS%list-youtube.txt\" --dpi-desync-any-protocol=1 --dpi-desync=fake --dpi-desync-ttl=1 --dpi-desync-autottl=-2 --dpi-desync-fake-tls=0x00000000 --dpi-desync-fake-tls=! --dpi-desync-fake-tls-mod=rnd,rndsni,dupsid --dpi-desync-cutoff=n2"
      ],
      "9": [
        "--filter-tcp=443 --filter-l7=unknown --ipset=\"%LISTS%russia-youtube-rtmps.txt\" --dpi-desync-any-protocol=1 --dpi-desync=syndata --dpi-desync-fake-syndata=\"%FAKE%syn_packet.bin\" --dup=2 --dup-cutoff=n3",
        "--filter-tcp=443 --hostlist-domains=googlevideo.com --dpi-desync=fake --dpi-desync-fooling=ts --dpi-desync-fake-tls=0x00000000 --dpi-desync-fake-tls=! --dpi-desync-fake-tls-mod=rnd,rndsni,dupsid",
        "--filter-tcp=443 --filter-l7=tls --hostlist=\"%LISTS%russia-youtube.txt\" --dpi-desync=fake --dpi-desync-fooling=ts --dpi-desync-fake-tls=0x00000000 --dpi-desync-fake-tls=! --dpi-desync-fake-tls-mod=rnd,rndsni,dupsid"
      ],
      "10": [
        "--filter-tcp=443 --filter-l7=unknown --ipset=\"%LISTS%russia-youtube-rtmps.txt\" --dpi-desync=syndata --dpi-desync-fake-syndata=\"%FAKE%syn_packet.bin\" --dup=2 --dup-cutoff=n3",
        "--filter-tcp=443 --filter-l7=tls --hostlist=\"%LISTS%list-youtube.txt\" --dpi-desync-any-protocol=1 --dpi-desync=multidisorder --dpi-desync-split-pos=1,midsld --dpi-desync-cutoff=n4"
      ],
      "11": [
        "--filter-tcp=443 --ipset=\"%LISTS%russia-youtube-rtmps.txt\" --dpi-desync=syndata --dpi-desync-fake-syndata=\"%FAKE%syn_packet.bin\" --dup=2 --dup-cutoff=n3",
        "--filter-tcp=443 --hostlist=\"%LISTS%list-youtube.txt\" --dpi-desync=fakedsplit --dpi-desync-fakedsplit-mod=altorder=2 --dpi-desync-fooling=ts --dpi-desync-split-pos=1"
      ]
    },
    "YouTubeGoogleVideo": {
      "1": [
        "--filter-tcp=80,443 --hostlist-domains=googlevideo.com --dpi-desync=multisplit --dpi-desync-split-seqovl=211 --dpi-desync-split-seqovl-pattern=\"%FAKE%tls_clienthello_www_google_com.bin\""
      ]
    },
    "YouTubeQuic": {
      "1": [
        "--filter-udp=443 --hostlist-domains=yt3.ggpht.com,www.youtube.com,signaler-pa.youtube.com --dpi-desync=fake --dpi-desync-fake-quic=0x0c000000 --dpi-desync-fake-quic=\"%FAKE%fake_quic_1.bin\" --dpi-desync-ttl=6"
      ],
      "2": [
        "--filter-udp=443 --hostlist=\"%LISTS%list-youtube.txt\" --dpi-desync=fake --dpi-desync-repeats=6 --dpi-desync-fake-quic=\"%FAKE%quic_initial_www_google_com.bin\""
      ]
    },
    "Discord": {
      "1": [
        "--filter-tcp=80,443,2053,2083,2087,2096,8443 --hostlist=\"%LISTS%list-discord.txt\" --dpi-desync=hostfakesplit --dpi-desync-repeats=4 --dpi-desync-fooling=ts,md5sig --dpi-desync-hostfakesplit-mod=host=yandex.ru"
      ],
      "2": [
        "--filter-tcp=80,443,2053,2083,2087,2096,8443 --hostlist=\"%LISTS%list-discord.txt\" --dpi-desync=fake,fakedsplit --dpi-desync-repeats=6 --dpi-desync-fooling=ts --dpi-desync-fakedsplit-pattern=0x00 --dpi-desync-fake-tls=\"%FAKE%tls_clienthello_www_google_com.bin\""
      ],
      "3": [
        "--filter-tcp=80,443,2053,2083,2087,2096,8443 --hostlist=\"%LISTS%list-discord.txt\" --dpi-desync=fake,udplen --dpi-desync-udplen-pattern=0x0F0F0E0F --dpi-desync-fake-quic=\"%FAKE%fake_quic_3.bin\" --dpi-desync-repeats=2 --dpi-desync-cutoff=n3"
      ],
      "4": [
        "--filter-tcp=80,443,2053,2083,2087,2096,8443 --hostlist=\"%LISTS%list-discord.txt\" --dpi-desync=fake,fakedsplit --dpi-desync-fake-tls=0x0F0F0F0F --dpi-desync-split-pos=1,sld+1 --dpi-desync-fakedsplit-pattern=\"%FAKE%fake_tls_2.bin\" --dpi-desync-fakedsplit-mod=altorder=0 --dpi-desync-fooling=ts,badseq --dpi-desync-badseq-increment=10000000 --dpi-desync-cutoff=n5"
      ],
      "5": [
        "--filter-tcp=80,443,2053,2083,2087,2096,8443 --hostlist=\"%LISTS%list-discord.txt\" --dpi-desync=fake,multidisorder --dpi-desync-split-pos=7,sld+1 --dpi-desync-fake-tls=0x0F0F0F0F --dpi-desync-fake-tls=\"%FAKE%tls_clienthello_4.bin\" --dpi-desync-fake-tls-mod=rnd,dupsid,sni=fonts.google.com --dpi-desync-fooling=badseq --dpi-desync-autottl 2:2-12"
      ],
      "6": [
        "--filter-tcp=80,443,2053,2083,2087,2096,8443 --hostlist=\"%LISTS%list-discord.txt\" --dpi-desync=fake,multisplit --dpi-desync-ttl=8 --dpi-desync-split-pos=midsld --dpi-desync-fake-http=0x00000000 --dpi-desync-fake-tls=!"
      ],
      "7": [
        "--filter-tcp=80,443,2053,2083,2087,2096,8443 --hostlist=\"%LISTS%list-discord.txt\" --dpi-desync=multisplit --dpi-desync-split-pos=method+2,midsld --dpi-desync-repeats=6"
      ],
      "8": [
        "--filter-tcp=80,443,2053,2083,2087,2096,8443 --hostlist=\"%LISTS%list-discord.txt\" --dpi-desync-any-protocol=1 --dpi-desync=multidisorder --dpi-desync-split-pos=1,midsld --dpi-desync-cutoff=n4"
      ],
      "9": [
        "--filter-tcp=80,443,2053,2083,2087,2096,8443 --hostlist=\"%LISTS%list-discord.txt\" --dpi-desync=fakedsplit --dpi-desync-fakedsplit-mod=altorder=3 --dpi-desync-fooling=ts --dpi-desync-repeats=4"
      ],
      "10": [
        "--filter-tcp=80,443,2053,2083,2087,2096,8443 --hostlist=\"%LISTS%list-discord.txt\" --dpi-desync=fake --dpi-desync-repeats=6 --dpi-desync-fooling=ts --dpi-desync-fake-tls=\"%FAKE%tls_clienthello_max_ru.bin\""
      ],
      "11": [
        "--filter-tcp=80,443,2053,2083,2087,2096,8443 --ipset=\"%LISTS%ipset-discord.txt\" --dpi-desync=multisplit --dpi-desync-split-seqovl=568 --dpi-desync-split-pos=1 --dpi-desync-split-seqovl-pattern=\"%FAKE%tls_clienthello_4pda_to.bin\""
      ],
      "12": [
        "--filter-tcp=80,443,2053,2083,2087,2096,8443 --ipset=\"%LISTS%ipset-discord.txt\" --dpi-desync=fake,fakedsplit --dpi-desync-repeats=6 --dpi-desync-fooling=ts --dpi-desync-fakedsplit-pattern=0x00 --dpi-desync-fake-tls=\"%FAKE%tls_clienthello_www_google_com.bin\""
      ],
      "13": [
        "--filter-tcp=80,443,2053,2083,2087,2096,8443 --ipset=\"%LISTS%ipset-discord.txt\" --dpi-desync=multisplit --dpi-desync-split-seqovl=652 --dpi-desync-split-pos=2 --dpi-desync-split-seqovl-pattern=\"%FAKE%tls_clienthello_www_google_com.bin\""
      ],
      "14": [
        "--filter-tcp=80,443,2053,2083,2087,2096,8443 --ipset=\"%LISTS%ipset-discord.txt\" --dpi-desync=fake,hostfakesplit --dpi-desync-fake-tls-mod=rnd,dupsid,sni=ya.ru --dpi-desync-hostfakesplit-mod=host=ya.ru,altorder=1 --dpi-desync-fooling=ts"
      ],
      "15": [
        "--filter-tcp=80,443,2053,2083,2087,2096,8443 --ipset=\"%LISTS%ipset-discord.txt\" --dpi-desync=fake,multisplit --dpi-desync-repeats=6 --dpi-desync-fooling=badseq --dpi-desync-badseq-increment=1000 --dpi-desync-fake-tls=\"%FAKE%tls_clienthello_www_google_com.bin\""
      ],
      "16": [
        "--filter-tcp=80,443,2053,2083,2087,2096,8443 --ipset=\"%LISTS%ipset-discord.txt\" --dpi-desync=multisplit --dpi-desync-split-seqovl=681 --dpi-desync-split-pos=1 --dpi-desync-split-seqovl-pattern=\"%FAKE%tls_clienthello_www_google_com.bin\""
      ],
      "17": [
        "--filter-tcp=80,443,2053,2083,2087,2096,8443 --ipset=\"%LISTS%ipset-discord.txt\" --dpi-desync=syndata"
      ],
      "18": [
        "--filter-tcp=80,443,2053,2083,2087,2096,8443 --ipset=\"%LISTS%ipset-discord.txt\" --dpi-desync=fake --dpi-desync-fake-tls-mod=none --dpi-desync-repeats=6 --dpi-desync-fooling=badseq --dpi-desync-badseq-increment=2"
      ],
      "19": [
        "--filter-tcp=80,443,2053,2083,2087,2096,8443 --ipset=\"%LISTS%ipset-discord.txt\" --dpi-desync=hostfakesplit --dpi-desync-repeats=4 --dpi-desync-fooling=ts --dpi-desync-hostfakesplit-mod=host=ozon.ru"
      ],
      "20": [
        "--filter-tcp=80,443,2053,2083,2087,2096,8443 --ipset=\"%LISTS%ipset-discord.txt\" --dpi-desync=fake --dpi-desync-repeats=6 --dpi-desync-fooling=ts --dpi-desync-fake-tls=^! --dpi-desync-fake-tls-mod=rnd,sni=www.google.com --dpi-desync-fake-tls=\"%FAKE%tls_clienthello_4pda_to.bin\" --dpi-desync-fake-tls-mod=none"
      ],
      "21": [
        "--filter-tcp=80,443,2053,2083,2087,2096,8443 --ipset=\"%LISTS%ipset-discord.txt\" --dpi-desync=fake,multisplit --dpi-desync-split-seqovl=654 --dpi-desync-split-pos=1 --dpi-desync-fooling=ts --dpi-desync-repeats=8 --dpi-desync-split-seqovl-pattern=\"%FAKE%tls_clienthello_max_ru.bin\" --dpi-desync-fake-tls=\"%FAKE%tls_clienthello_max_ru.bin\""
      ],
      "22": [
        "--filter-tcp=80,443,2053,2083,2087,2096,8443 --ipset=\"%LISTS%ipset-discord.txt\" --dpi-desync=fake,fakedsplit --dpi-desync-split-pos=1 --dpi-desync-fooling=badseq --dpi-desync-badseq-increment=2 --dpi-desync-repeats=8 --dpi-desync-fake-tls-mod=rnd,dupsid,sni=www.google.com"
      ],
      "23": [
        "--filter-tcp=80,443,2053,2083,2087,2096,8443 --ipset=\"%LISTS%ipset-discord.txt\" --dpi-desync=fake,multisplit --dpi-desync-split-seqovl=681 --dpi-desync-split-pos=1 --dpi-desync-fooling=badseq --dpi-desync-badseq-increment=10000000 --dpi-desync-repeats=8 --dpi-desync-split-seqovl-pattern=\"%FAKE%tls_clienthello_www_google_com.bin\" --dpi-desync-fake-tls-mod=rnd,dupsid,sni=www.google.com"
      ],
      "24": [
        "--filter-tcp=80,443,2053,2083,2087,2096,8443 --ipset=\"%LISTS%ipset-discord.txt\" --dpi-desync=fake,multisplit --dpi-desync-split-seqovl=681 --dpi-desync-split-pos=1 --dpi-desync-fooling=ts --dpi-desync-repeats=8 --dpi-desync-split-seqovl-pattern=\"%FAKE%tls_clienthello_www_google_com.bin\" --dpi-desync-fake-tls-mod=rnd,dupsid,sni=www.google.com"
      ],
      "25": [
        "--filter-tcp=80,443,2053,2083,2087,2096,8443 --ipset=\"%LISTS%ipset-discord.txt\" --dpi-desync=fake,multidisorder --dpi-desync-split-pos=1,midsld --dpi-desync-repeats=11 --dpi-desync-fooling=badseq --dpi-desync-fake-tls=0x00000000 --dpi-desync-fake-tls=^! --dpi-desync-fake-tls-mod=rnd,dupsid,sni=www.google.com"
      ],
      "26": [
        "--filter-tcp=80,443,2053,2083,2087,2096,8443 --ipset=\"%LISTS%ipset-discord.txt\" --dpi-desync=fake --dpi-desync-repeats=6 --dpi-desync-fooling=badseq --dpi-desync-badseq-increment=2 --dpi-desync-fake-tls=\"%FAKE%tls_clienthello_www_google_com.bin\""
      ],
      "27": [
        "--filter-tcp=80,443,2053,2083,2087,2096,8443 --ipset=\"%LISTS%ipset-discord.txt\" --dpi-desync=fake --dpi-desync-repeats=6 --dpi-desync-fooling=ts --dpi-desync-fake-tls=\"%FAKE%tls_clienthello_max_ru.bin\""
      ],
      "28": [
        "--filter-tcp=80,443,2053,2083,2087,2096,8443 --ipset=\"%LISTS%ipset-discord.txt\" --dpi-desync=fake --dpi-desync-repeats=6 --dpi-desync-fooling=ts --dpi-desync-fake-tls=\"%FAKE%tls_clienthello_www_google_com.bin\""
      ]
    },
    "DiscordUpdate": {
      "1": [
        "--filter-tcp=443 --hostlist-domains=updates.discord.com --dpi-desync=multisplit --dpi-desync-split-seqovl=568 --dpi-desync-split-pos=1 --dpi-desync-split-seqovl-pattern=\"%FAKE%tls_clienthello_4pda_to.bin\""
      ],
      "2": [
        "--filter-tcp=443 --hostlist-domains=updates.discord.com --dpi-desync=fake,fakedsplit --dpi-desync-repeats=6 --dpi-desync-fooling=ts --dpi-desync-fakedsplit-pattern=0x00 --dpi-desync-fake-tls=\"%FAKE%tls_clienthello_www_google_com.bin\""
      ],
      "3": [
        "--filter-tcp=443 --hostlist-domains=updates.discord.com --dpi-desync=multisplit --dpi-desync-split-seqovl=652 --dpi-desync-split-pos=2 --dpi-desync-split-seqovl-pattern=\"%FAKE%tls_clienthello_www_google_com.bin\""
      ],
      "4": [
        "--filter-tcp=443 --hostlist-domains=updates.discord.com --dpi-desync=fake,hostfakesplit --dpi-desync-fake-tls-mod=rnd,dupsid,sni=ya.ru --dpi-desync-hostfakesplit-mod=host=ya.ru,altorder=1 --dpi-desync-fooling=ts"
      ],
      "5": [
        "--filter-tcp=443 --hostlist-domains=updates.discord.com --dpi-desync=fake,multisplit --dpi-desync-repeats=6 --dpi-desync-fooling=badseq --dpi-desync-badseq-increment=1000 --dpi-desync-fake-tls=\"%FAKE%tls_clienthello_www_google_com.bin\""
      ],
      "6": [
        "--filter-tcp=443 --hostlist-domains=updates.discord.com --dpi-desync=multisplit --dpi-desync-split-seqovl=681 --dpi-desync-split-pos=1 --dpi-desync-split-seqovl-pattern=\"%FAKE%tls_clienthello_www_google_com.bin\""
      ],
      "7": [
        "--filter-tcp=443 --hostlist-domains=updates.discord.com --dpi-desync=syndata"
      ],
      "8": [
        "--filter-tcp=443 --hostlist-domains=updates.discord.com --dpi-desync=fake --dpi-desync-fake-tls-mod=none --dpi-desync-repeats=6 --dpi-desync-fooling=badseq --dpi-desync-badseq-increment=2"
      ],
      "9": [
        "--filter-tcp=443 --hostlist-domains=updates.discord.com --dpi-desync=hostfakesplit --dpi-desync-repeats=4 --dpi-desync-fooling=ts --dpi-desync-hostfakesplit-mod=host=ozon.ru"
      ],
      "10": [
        "--filter-tcp=443 --hostlist-domains=updates.discord.com --dpi-desync=fake --dpi-desync-repeats=6 --dpi-desync-fooling=ts --dpi-desync-fake-tls=^! --dpi-desync-fake-tls-mod=rnd,sni=www.google.com --dpi-desync-fake-tls=\"%FAKE%tls_clienthello_4pda_to.bin\" --dpi-desync-fake-tls-mod=none"
      ],
      "11": [
        "--filter-tcp=443 --hostlist-domains=updates.discord.com --dpi-desync=fake,multisplit --dpi-desync-split-seqovl=654 --dpi-desync-split-pos=1 --dpi-desync-fooling=ts --dpi-desync-repeats=8 --dpi-desync-split-seqovl-pattern=\"%FAKE%tls_clienthello_max_ru.bin\" --dpi-desync-fake-tls=\"%FAKE%tls_clienthello_max_ru.bin\""
      ],
      "12": [
        "--filter-tcp=443 --hostlist-domains=updates.discord.com --dpi-desync=fake,fakedsplit --dpi-desync-split-pos=1 --dpi-desync-fooling=badseq --dpi-desync-badseq-increment=2 --dpi-desync-repeats=8 --dpi-desync-fake-tls-mod=rnd,dupsid,sni=www.google.com"
      ],
      "13": [
        "--filter-tcp=443 --hostlist-domains=updates.discord.com --dpi-desync=fake,multisplit --dpi-desync-split-seqovl=681 --dpi-desync-split-pos=1 --dpi-desync-fooling=badseq --dpi-desync-badseq-increment=10000000 --dpi-desync-repeats=8 --dpi-desync-split-seqovl-pattern=\"%FAKE%tls_clienthello_www_google_com.bin\" --dpi-desync-fake-tls-mod=rnd,dupsid,sni=www.google.com"
      ],
      "14": [
        "--filter-tcp=443 --hostlist-domains=updates.discord.com --dpi-desync=fake,multisplit --dpi-desync-split-seqovl=681 --dpi-desync-split-pos=1 --dpi-desync-fooling=ts --dpi-desync-repeats=8 --dpi-desync-split-seqovl-pattern=\"%FAKE%tls_clienthello_www_google_com.bin\" --dpi-desync-fake-tls-mod=rnd,dupsid,sni=www.google.com"
      ],
      "15": [
        "--filter-tcp=443 --hostlist-domains=updates.discord.com --dpi-desync=fake,multidisorder --dpi-desync-split-pos=1,midsld --dpi-desync-repeats=11 --dpi-desync-fooling=badseq --dpi-desync-fake-tls=0x00000000 --dpi-desync-fake-tls=^! --dpi-desync-fake-tls-mod=rnd,dupsid,sni=www.google.com"
      ],
      "16": [
        "--filter-tcp=443 --hostlist-domains=updates.discord.com --dpi-desync=fake --dpi-desync-repeats=6 --dpi-desync-fooling=badseq --dpi-desync-badseq-increment=2 --dpi-desync-fake-tls=\"%FAKE%tls_clienthello_www_google_com.bin\""
      ],
      "17": [
        "--filter-tcp=443 --hostlist-domains=updates.discord.com --dpi-desync=fake --dpi-desync-repeats=6 --dpi-desync-fooling=ts --dpi-desync-fake-tls=\"%FAKE%tls_clienthello_max_ru.bin\""
      ],
      "18": [
        "--filter-tcp=443 --hostlist-domains=updates.discord.com --dpi-desync=fake --dpi-desync-repeats=6 --dpi-desync-fooling=ts --dpi-desync-fake-tls=\"%FAKE%tls_clienthello_www_google_com.bin\""
      ]
    },
    "STUN": {
      "1": [
      "--filter-l7=discord,stun --dpi-desync-any-protocol=1 --dpi-desync=fake --dpi-desync-repeats=6 --dpi-desync-cutoff=n3"
      ],
      "2": [
      "--filter-l7=discord,stun --dpi-desync-any-protocol --dpi-desync=fake --dpi-desync-cutoff=d3 --dpi-desync-repeats=6"
      ]
    },
    "Blacklist": {
      "1": [
        "--filter-udp=443 --hostlist-exclude=\"%LISTS%list-discord.txt\" --dpi-desync=fake,udplen --dpi-desync-udplen-pattern=0x0F0F0E0F --dpi-desync-fake-quic=\"%FAKE%fake_quic_3.bin\" --dpi-desync-repeats=2 --dpi-desync-cutoff=n3",
        "--filter-tcp=443 --hostlist=\"%LISTS%russia-blacklist.txt\" --hostlist=\"%LISTS%custom-hostlist.txt\" --hostlist=\"%LISTS%mycdnlist.txt\" --dpi-desync=multisplit --dpi-desync-repeats=2 --dpi-desync-split-seqovl=681 --dpi-desync-split-pos=1 --dpi-desync-fooling=badseq,hopbyhop2 --dpi-desync-split-seqovl-pattern=\"%FAKE%tls_clienthello_www_google_com.bin\"",
        "--filter-tcp=80 --hostlist=\"%LISTS%russia-blacklist.txt\" --hostlist=\"%LISTS%custom-hostlist.txt\" --hostlist=\"%LISTS%mycdnlist.txt\" --dpi-desync=fake,multisplit --dpi-desync-autottl=2 --dpi-desync-fooling=md5sig",
        "--filter-tcp=443 --hostlist=\"%LISTS%anomaly_site.txt\" --dpi-desync=fake,multisplit --dpi-desync-fooling=badseq --dpi-desync-badseq-increment=0 --dpi-desync-split-pos=1 --dpi-desync-fake-tls=0x1603 --dpi-desync-fake-tls=!+2 --dpi-desync-fake-tls-mod=rnd,dupsid,rndsni --dpi-desync-fake-tcp-mod=seq"
      ],
    "2": [
        "--filter-udp=443 --hostlist-exclude=\"%LISTS%list-discord.txt\" --dpi-desync=fake,udplen --dpi-desync-udplen-pattern=0x0F0F0E0F --dpi-desync-fake-quic=\"%FAKE%fake_quic_3.bin\" --dpi-desync-repeats=2 --dpi-desync-cutoff=n3",
        "--filter-tcp=443 --hostlist=\"%LISTS%russia-blacklist.txt\" --hostlist=\"%LISTS%custom-hostlist.txt\" --hostlist=\"%LISTS%mycdnlist.txt\" --hostlist-exclude=\"%LISTS%list-youtube.txt\" --dpi-desync=multisplit --dpi-desync-repeats=2 --dpi-desync-split-seqovl=681 --dpi-desync-split-pos=1 --dpi-desync-fooling=badseq,hopbyhop2 --dpi-desync-split-seqovl-pattern=\"%FAKE%tls_clienthello_www_google_com.bin\"",
        "--filter-tcp=80 --hostlist=\"%LISTS%russia-blacklist.txt\" --hostlist=\"%LISTS%custom-hostlist.txt\" --hostlist=\"%LISTS%mycdnlist.txt\" --hostlist-exclude=\"%LISTS%list-discord.txt\" --dpi-desync=fake,multisplit --dpi-desync-autottl=2 --dpi-desync-fooling=md5sig",
        "--filter-tcp=443 --hostlist=\"%LISTS%anomaly_site.txt\" --dpi-desync=fake,fakedsplit --dpi-desync-split-pos=2,endsld-2 --dpi-desync-fake-tls-mod=rnd,sni=fonts.google.com --dpi-desync-fakedsplit-pattern=\"%FAKE%fake_tls_3.bin\" --dpi-desync-fakedsplit-mod=altorder=3 --ip-id=zero --dpi-desync-fooling=ts,badsum --dpi-desync-cutoff=n5"
    ],
    "3": [
        "--filter-udp=443 --hostlist=\"%LISTS%list-quick_ttl.txt\" --dpi-desync=fake --dpi-desync-fake-quic=\"%FAKE%fake_quic_2.bin\" --dpi-desync-repeats=4 --dpi-desync-ttl=5 --dpi-desync-cutoff=n3",
        "--filter-tcp=80 --dpi-desync=fake,fakedsplit --dpi-desync-fake-http=0x0F0F0F0F --dpi-desync-split-pos=1,sld+1 --dpi-desync-fakedsplit-pattern=\"%FAKE%fake_tls_2.bin\" --dpi-desync-fakedsplit-mod=altorder=0 --dpi-desync-fooling=ts --dpi-desync-cutoff=n4",
        "--filter-udp=443 --hostlist-exclude=\"%LISTS%list-discord.txt\" --dpi-desync=fake,udplen --dpi-desync-udplen-pattern=0x0F0F0E0F --dpi-desync-fake-quic=\"%FAKE%fake_quic_3.bin\" --dpi-desync-repeats=2 --dpi-desync-cutoff=n3",
        "--filter-tcp=443 --hostlist=\"%LISTS%russia-blacklist.txt\" --hostlist=\"%LISTS%custom-hostlist.txt\" --hostlist=\"%LISTS%mycdnlist.txt\" --hostlist-exclude=\"%LISTS%list-youtube.txt\" --dpi-desync=multisplit --dpi-desync-repeats=2 --dpi-desync-split-seqovl=681 --dpi-desync-split-pos=1 --dpi-desync-fooling=badseq,hopbyhop2 --dpi-desync-split-seqovl-pattern=\"%FAKE%tls_clienthello_www_google_com.bin\"",
        "--filter-tcp=80 --hostlist=\"%LISTS%russia-blacklist.txt\" --hostlist=\"%LISTS%custom-hostlist.txt\" --hostlist=\"%LISTS%mycdnlist.txt\" --hostlist-exclude=\"%LISTS%list-discord.txt\" --dpi-desync=fake,multisplit --dpi-desync-autottl=2 --dpi-desync-fooling=md5sig",
        "--filter-tcp=443 --hostlist=\"%LISTS%anomaly_site.txt\" --dpi-desync=fake,fakedsplit --dpi-desync-fake-tls=0x0F0F0F0F --dpi-desync-split-pos=1,sld+1 --dpi-desync-fakedsplit-pattern=\"%FAKE%fake_tls_2.bin\" --dpi-desync-fakedsplit-mod=altorder=0 --ip-id=rnd --dpi-desync-fooling=ts,badseq --dpi-desync-badseq-increment=10000000 --dpi-desync-cutoff=n5"
      ],
    "4": [
        "--filter-udp=443 --hostlist=\"%LISTS%list-quick_ttl.txt\" --dpi-desync=fake --dpi-desync-fake-quic=\"%FAKE%fake_quic_2.bin\" --dpi-desync-repeats=4 --dpi-desync-ttl=5 --dpi-desync-cutoff=n3",
        "--filter-tcp=443 --hostlist=\"%LISTS%russia-blacklist.txt\" --hostlist=\"%LISTS%custom-hostlist.txt\" --hostlist=\"%LISTS%mycdnlist.txt\" --hostlist-exclude=\"%LISTS%list-youtube.txt\" --dpi-desync=multisplit --dpi-desync-repeats=2 --dpi-desync-split-seqovl=681 --dpi-desync-split-pos=1 --dpi-desync-fooling=badseq,hopbyhop2 --dpi-desync-split-seqovl-pattern=\"%FAKE%tls_clienthello_www_google_com.bin\"",
        "--filter-tcp=80 --hostlist=\"%LISTS%russia-blacklist.txt\" --hostlist=\"%LISTS%custom-hostlist.txt\" --hostlist=\"%LISTS%mycdnlist.txt\" --dpi-desync=fake,multisplit --dpi-desync-autottl=2 --dpi-desync-fooling=md5sig",
        "--filter-tcp=443 --hostlist=\"%LISTS%anomaly_site.txt\" --dpi-desync=syndata,multisplit --dpi-desync-split-pos=1,midsld --dpi-desync-split-seqovl=1 --dpi-desync-fake-syndata=\"%FAKE%fake_syndata.bin\" --dpi-desync-cutoff=n5"
      ],
    "5": [
        "--filter-udp=443 --hostlist=\"%LISTS%list-quick_ttl.txt\" --dpi-desync=fake --dpi-desync-fake-quic=\"%FAKE%fake_quic_2.bin\" --dpi-desync-repeats=4 --dpi-desync-ttl=5 --dpi-desync-cutoff=n3",
        "--filter-tcp=443 --hostlist=\"%LISTS%russia-blacklist.txt\" --hostlist=\"%LISTS%custom-hostlist.txt\" --hostlist=\"%LISTS%mycdnlist.txt\" --hostlist-exclude=\"%LISTS%list-youtube.txt\" --dpi-desync=multisplit --dpi-desync-repeats=2 --dpi-desync-split-seqovl=681 --dpi-desync-split-pos=1 --dpi-desync-fooling=badseq,hopbyhop2 --dpi-desync-split-seqovl-pattern=\"%FAKE%tls_clienthello_www_google_com.bin\"",
        "--filter-tcp=80 --hostlist=\"%LISTS%russia-blacklist.txt\" --hostlist=\"%LISTS%custom-hostlist.txt\" --hostlist=\"%LISTS%mycdnlist.txt\" --hostlist-exclude=\"%LISTS%list-discord.txt\" --dpi-desync=fake,multisplit --dpi-desync-autottl=2 --dpi-desync-fooling=md5sig",
        "--filter-udp=5056,27002 --dpi-desync-any-protocol=1 --dpi-desync=fake --dpi-desync-repeats=6 --dpi-desync-cutoff=n15 --dpi-desync-fake-unknown-udp=\"%FAKE%quic_initial_www_google_com.bin\"",
        "--filter-tcp=443 --hostlist=\"%LISTS%anomaly_site.txt\" --dpi-desync=fake,fakedsplit --dpi-desync-split-pos=2,endsld-2 --dpi-desync-fake-tls-mod=rnd,sni=fonts.google.com --dpi-desync-fakedsplit-pattern=\"%FAKE%fake_tls_3.bin\" --dpi-desync-fakedsplit-mod=altorder=3 --ip-id=zero --dpi-desync-fooling=ts,badsum --dpi-desync-cutoff=n5"
      ],
      "6": [
        "--filter-udp=443 --hostlist=\"%LISTS%list-quick_ttl.txt\" --dpi-desync=fake --dpi-desync-fake-quic=\"%FAKE%fake_quic_2.bin\" --dpi-desync-repeats=4 --dpi-desync-ttl=5 --dpi-desync-cutoff=n3",
        "--filter-tcp=443 --hostlist=\"%LISTS%russia-blacklist.txt\" --hostlist=\"%LISTS%custom-hostlist.txt\" --hostlist=\"%LISTS%mycdnlist.txt\" --hostlist-exclude=\"%LISTS%list-youtube.txt\" --dpi-desync=fake,multidisorder --dpi-desync-split-pos=7,sld+1 --dpi-desync-fake-tls=0x0F0F0F0F --dpi-desync-fake-tls=\"%FAKE%tls_clienthello_4.bin\" --dpi-desync-fake-tls-mod=rnd,dupsid,sni=fonts.google.com --dpi-desync-fooling=badseq --dpi-desync-autottl 2:2-12",
        "--filter-tcp=80 --hostlist=\"%LISTS%russia-blacklist.txt\" --hostlist=\"%LISTS%custom-hostlist.txt\" --hostlist=\"%LISTS%mycdnlist.txt\" --hostlist-exclude=\"%LISTS%list-discord.txt\" --dpi-desync=fake,multisplit --dpi-desync-split-seqovl=2 --dpi-desync-split-pos=sld+1 --dpi-desync-fake-http=0x0F --dpi-desync-autottl 2:2-12",
        "--filter-udp=5056,27002 --dpi-desync-any-protocol=1 --dpi-desync=fake --dpi-desync-repeats=6 --dpi-desync-cutoff=n15 --dpi-desync-fake-unknown-udp=\"%FAKE%quic_initial_www_google_com.bin\"",
        "--filter-tcp=443 --hostlist=\"%LISTS%anomaly_site.txt\" --dpi-desync=fake,fakedsplit --dpi-desync-split-pos=2,endsld-2 --dpi-desync-fake-tls-mod=rnd,sni=fonts.google.com --dpi-desync-fakedsplit-pattern=\"%FAKE%fake_tls_3.bin\" --dpi-desync-fakedsplit-mod=altorder=3 --ip-id=zero --dpi-desync-fooling=ts,badsum --dpi-desync-cutoff=n5"
      ],
      "7": [
        "--filter-udp=443 --hostlist=\"%LISTS%list-quick_ttl.txt\" --dpi-desync=fake --dpi-desync-fake-quic=\"%FAKE%fake_quic_1.bin\" --dpi-desync-repeats=4 --dpi-desync-ttl=5 --dpi-desync-cutoff=n3",
        "--filter-tcp=443 --hostlist=\"%LISTS%russia-blacklist.txt\" --hostlist=\"%LISTS%custom-hostlist.txt\" --hostlist=\"%LISTS%mycdnlist.txt\" --hostlist-exclude=\"%LISTS%list-youtube.txt\" --dpi-desync-any-protocol=1 --dpi-desync=fakeddisorder --dpi-desync-ttl=2 --dpi-desync-split-pos=midsld --dup-cutoff=n3 --dpi-desync-cutoff=n3",
        "--filter-tcp=80 --hostlist=\"%LISTS%russia-blacklist.txt\" --hostlist=\"%LISTS%custom-hostlist.txt\" --hostlist=\"%LISTS%mycdnlist.txt\" --hostlist-exclude=\"%LISTS%list-discord.txt\" --dpi-desync-any-protocol=1 --dpi-desync=fakeddisorder --orig-autottl=+1 --dpi-desync-ttl=1 --dpi-desync-autottl=-3 --dpi-desync-split-pos=method+2 --dpi-desync-cutoff=n5",
        "--filter-udp=5056,27002 --dpi-desync-any-protocol=1 --dpi-desync=fake --dpi-desync-repeats=6 --dpi-desync-cutoff=n15 --dpi-desync-fake-unknown-udp=\"%FAKE%quic_initial_www_google_com.bin\"",
        "--filter-tcp=443 --hostlist=\"%LISTS%anomaly_site.txt\" --dpi-desync=syndata,multisplit --dpi-desync-split-pos=1,midsld --dpi-desync-split-seqovl=1 --dpi-desync-fake-syndata=\"%FAKE%fake_syndata.bin\" --dpi-desync-cutoff=n5"
      ],
      "8": [
        "--filter-udp=443 --hostlist=\"%LISTS%list-quick_ttl.txt\" --dpi-desync=fake --dpi-desync-fake-quic=\"%FAKE%fake_quic_1.bin\" --dpi-desync-repeats=4 --dpi-desync-ttl=5 --dpi-desync-cutoff=n3",
        "--filter-tcp=80 --hostlist=\"%LISTS%russia-blacklist.txt\" --hostlist=\"%LISTS%custom-hostlist.txt\" --hostlist=\"%LISTS%mycdnlist.txt\" --hostlist-exclude=\"%LISTS%list-discord.txt\" --dpi-desync-any-protocol=1 --dpi-desync=fakeddisorder --orig-autottl=+1 --dpi-desync-ttl=1 --dpi-desync-autottl=-3 --dpi-desync-split-pos=method+2 --dpi-desync-cutoff=n5",
        "--filter-tcp=443 --hostlist=\"%LISTS%russia-blacklist.txt\" --hostlist=\"%LISTS%custom-hostlist.txt\" --hostlist=\"%LISTS%mycdnlist.txt\" --hostlist-exclude=\"%LISTS%list-youtube.txt\" --dpi-desync-any-protocol=1 --dpi-desync=fakeddisorder --dpi-desync-ttl=2 --dpi-desync-split-pos=midsld --dup-cutoff=n3 --dpi-desync-cutoff=n3",
        "--filter-udp=5056,27002 --dpi-desync-any-protocol=1 --dpi-desync=fake --dpi-desync-repeats=6 --dpi-desync-cutoff=n15 --dpi-desync-fake-unknown-udp=\"%FAKE%quic_initial_www_google_com.bin\"",
        "--filter-tcp=443 --hostlist=\"%LISTS%anomaly_site.txt\" --dpi-desync=syndata,multisplit --dpi-desync-split-pos=1,midsld --dpi-desync-split-seqovl=1 --dpi-desync-fake-syndata=\"%FAKE%fake_syndata.bin\" --dpi-desync-cutoff=n5"
      ],
      "9": [
        "--filter-udp=443 --hostlist=\"%LISTS%list-quick_ttl.txt\" --dpi-desync=fake --dpi-desync-fake-quic=\"%FAKE%fake_quic_2.bin\" --dpi-desync-repeats=4 --dpi-desync-ttl=5 --dpi-desync-cutoff=n3",
        "--filter-tcp=443 --hostlist=\"%LISTS%russia-blacklist.txt\" --hostlist=\"%LISTS%custom-hostlist.txt\" --hostlist=\"%LISTS%mycdnlist.txt\" --hostlist-exclude=\"%LISTS%list-youtube.txt\" --dpi-desync-any-protocol=1 --dpi-desync=fakeddisorder --dpi-desync-ttl=2 --dpi-desync-split-pos=midsld --dup-cutoff=n3 --dpi-desync-cutoff=n3",
        "--filter-tcp=80 --hostlist=\"%LISTS%russia-blacklist.txt\" --hostlist=\"%LISTS%custom-hostlist.txt\" --hostlist=\"%LISTS%mycdnlist.txt\" --hostlist-exclude=\"%LISTS%list-discord.txt\" --dpi-desync-any-protocol=1 --dpi-desync=fakeddisorder --orig-autottl=+1 --dpi-desync-ttl=1 --dpi-desync-autottl=-3 --dpi-desync-split-pos=method+2 --dpi-desync-cutoff=n5",
        "--filter-tcp=443 --hostlist=\"%LISTS%anomaly_site.txt\" --dpi-desync=syndata,multisplit --dpi-desync-split-pos=1,midsld --dpi-desync-split-seqovl=1 --dpi-desync-fake-syndata=\"%FAKE%fake_syndata.bin\" --dpi-desync-cutoff=n5"
      ],
      "10": [
        "--filter-udp=443 --hostlist=\"%LISTS%list-quick_ttl.txt\" --dpi-desync=fake --dpi-desync-fake-quic=\"%FAKE%fake_quic_2.bin\" --dpi-desync-repeats=4 --dpi-desync-ttl=5 --dpi-desync-cutoff=n3",
        "--filter-tcp=443 --hostlist=\"%LISTS%russia-blacklist.txt\" --hostlist=\"%LISTS%custom-hostlist.txt\" --hostlist=\"%LISTS%mycdnlist.txt\" --hostlist-exclude=\"%LISTS%list-youtube.txt\" --dpi-desync=fake --dpi-desync-fooling=ts",
        "--filter-tcp=80 --hostlist=\"%LISTS%russia-blacklist.txt\" --hostlist=\"%LISTS%custom-hostlist.txt\" --hostlist=\"%LISTS%mycdnlist.txt\" --hostlist-exclude=\"%LISTS%list-discord.txt\" --dpi-desync=fake,multisplit --dpi-desync-autottl=2 --dpi-desync-fooling=md5sig",
        "--filter-tcp=443 --hostlist=\"%LISTS%anomaly_site.txt\" --dpi-desync=syndata,multisplit --dpi-desync-split-pos=1,midsld --dpi-desync-split-seqovl=1 --dpi-desync-fake-syndata=\"%FAKE%fake_syndata.bin\" --dpi-desync-cutoff=n5"
      ]
    },
    "CDN": {
      "1": [
        "--filter-udp=443 --hostlist=\"%LISTS%list-quick_ttl.txt\" --dpi-desync=fake,udplen --dpi-desync-udplen-pattern=0x0F0F0E0F --dpi-desync-fake-quic=\"%FAKE%fake_quic_3.bin\" --dpi-desync-repeats=2 --dpi-desync-ttl=7 --dpi-desync-cutoff=n3",
        "--filter-tcp=443,1024-65535 --hostlist-domains=awsglobalaccelerator.com,cloudfront.net,amazon.com,amazonaws.com,awsstatic.com,epicgames.com --dpi-desync-any-protocol=1 --dpi-desync=fake,multisplit --dpi-desync-fooling=badseq --dpi-desync-badseq-increment=0 --dpi-desync-split-pos=1 --dpi-desync-fake-tls=0x1603 --dpi-desync-fake-tls=!+2 --dpi-desync-fake-tls-mod=rnd,dupsid,sni=fonts.google.com --dpi-desync-fake-tcp-mod=seq --dpi-desync-cutoff=n5",
        "--filter-tcp=80,443-65535 --ipset=\"%LISTS%ipset-cloudflare-%CDN_BypassLevel%.txt\" --ipset-exclude=\"%LISTS%ipset-dns.txt\" --dpi-desync-any-protocol=1 --dpi-desync=fake,multisplit --dpi-desync-split-pos=1,sld+1 --dpi-desync-fake-tls=0x0F0F0F0F --dpi-desync-fake-tls=\"%FAKE%fake_tls_3.bin\" --dpi-desync-fake-tls-mod=rnd,dupsid,rndsni,sni=fonts.google.com --dpi-desync-fooling=ts,badseq --dpi-desync-cutoff=n5",
        "--filter-udp=443,1024-65535 --ipset=\"%LISTS%ipset-cloudflare-%CDN_BypassLevel%.txt\" --dpi-desync=fake --dpi-desync-repeats=6 --dpi-desync-fake-quic=\"%FAKE%quic_initial_www_google_com.bin\"",
        "--filter-tcp=2053,2083,2087,2096,8443 --dpi-desync=rst,multidisorder --dpi-desync-split-pos=3 --dpi-desync-fooling=md5sig,badseq --dpi-desync-cutoff=n5",
        "--filter-udp=5056,27002 --dpi-desync-any-protocol=1 --dpi-desync=fake --dpi-desync-repeats=6 --dpi-desync-cutoff=n15 --dpi-desync-fake-unknown-udp=\"%FAKE%quic_initial_www_google_com.bin\"",
        "--filter-tcp=80,443,6568 --ipset=\"%LISTS%ipset-anydesk.txt\" --dpi-desync=multisplit --dpi-desync-split-seqovl=211 --dpi-desync-split-seqovl-pattern=\"%FAKE%tls_clienthello_5.bin\" --dpi-desync-cutoff=n5"
      ],
    "2": [
        "--filter-udp=443 --hostlist=\"%LISTS%list-quick_ttl.txt\" --dpi-desync=fake,udplen --dpi-desync-udplen-pattern=0x0F0F0E0F --dpi-desync-fake-quic=\"%FAKE%fake_quic_3.bin\" --dpi-desync-repeats=2 --dpi-desync-ttl=7 --dpi-desync-cutoff=n3",
        "--filter-tcp=443,1024-65535 --hostlist-domains=awsglobalaccelerator.com,cloudfront.net,amazon.com,amazonaws.com,awsstatic.com,epicgames.com --dpi-desync=fake,fakedsplit --dpi-desync-split-pos=2,endsld-2 --dpi-desync-fake-tls-mod=rnd,sni=fonts.google.com --dpi-desync-fakedsplit-pattern=\"%FAKE%fake_tls_3.bin\" --dpi-desync-fakedsplit-mod=altorder=3 --ip-id=zero --dpi-desync-fooling=ts,badsum --dpi-desync-cutoff=n5",
        "--filter-tcp=80,443-65535 --ipset=\"%LISTS%ipset-cloudflare-%CDN_BypassLevel%.txt\" --ipset-exclude=\"%LISTS%ipset-dns.txt\" --dpi-desync-any-protocol=1 --dpi-desync=fake,multisplit --dpi-desync-split-pos=1,sld+1 --dpi-desync-fake-tls=0x0F0F0F0F --dpi-desync-fake-tls=\"%FAKE%fake_tls_3.bin\" --dpi-desync-fake-tls-mod=rnd,dupsid,rndsni --dpi-desync-fooling=ts,badseq --dpi-desync-cutoff=n5",
        "--filter-udp=443,1024-65535 --ipset=\"%LISTS%ipset-cloudflare-%CDN_BypassLevel%.txt\" --dpi-desync=fake --dpi-desync-repeats=6 --dpi-desync-fake-quic=\"%FAKE%quic_initial_www_google_com.bin\"",
        "--filter-tcp=2053,2083,2087,2096,8443 --hostlist-domains=discord.media --dpi-desync=fake --dpi-desync-split-pos=3 --dpi-desync-fake-tls-mod=dupsid,sni=video.cdn.bsky.app --ip-id=rnd --dpi-desync-fooling=ts --dpi-desync-cutoff=n5",
        "--filter-udp=5056,27002 --dpi-desync-any-protocol=1 --dpi-desync=fake --dpi-desync-repeats=6 --dpi-desync-cutoff=n15 --dpi-desync-fake-unknown-udp=\"%FAKE%quic_initial_www_google_com.bin\""
      ],
      "3": [
        "--filter-udp=443 --hostlist=\"%LISTS%list-quick_ttl.txt\" --dpi-desync=fake --dpi-desync-fake-quic=\"%FAKE%fake_quic_2.bin\" --dpi-desync-repeats=4 --dpi-desync-ttl=5 --dpi-desync-cutoff=n3",
        "--filter-tcp=443,444-65535 --hostlist-domains=awsglobalaccelerator.com,cloudfront.net,amazon.com,amazonaws.com,awsstatic.com,epicgames.com --dpi-desync=fake,fakedsplit --dpi-desync-split-pos=2,endsld-2 --dpi-desync-fake-tls-mod=rnd,sni=fonts.google.com --dpi-desync-fakedsplit-pattern=\"%FAKE%fake_tls_3.bin\" --dpi-desync-fakedsplit-mod=altorder=3 --ip-id=zero --dpi-desync-fooling=ts,badsum --dpi-desync-cutoff=n5",
        "--filter-tcp=80,443-65535 --ipset=\"%LISTS%ipset-cloudflare-%CDN_BypassLevel%.txt\" --ipset-exclude=\"%LISTS%ipset-dns.txt\" --dpi-desync-any-protocol=1 --dpi-desync=fake,multisplit --dpi-desync-split-pos=1,sld+1 --dpi-desync-fake-tls=0x0F0F0F0F --dpi-desync-fake-tls=\"%FAKE%fake_tls_3.bin\" --dpi-desync-fake-tls-mod=rnd,dupsid,rndsni --dpi-desync-fooling=ts,badseq --dpi-desync-cutoff=n5",
        "--filter-udp=443,444-65535 --ipset=\"%LISTS%ipset-cloudflare-%CDN_BypassLevel%.txt\" --dpi-desync=fake --dpi-desync-repeats=6 --dpi-desync-fake-quic=\"%FAKE%quic_initial_www_google_com.bin\"",
        "--filter-tcp=2053,2083,2087,2096,8443 --dpi-desync=rst,multidisorder --dpi-desync-split-pos=3 --dpi-desync-fooling=md5sig,badseq --dpi-desync-cutoff=n5",
        "--filter-udp=5056,27002 --dpi-desync-any-protocol=1 --dpi-desync=fake --dpi-desync-repeats=6 --dpi-desync-cutoff=n15 --dpi-desync-fake-unknown-udp=\"%FAKE%quic_initial_www_google_com.bin\"",
        "--filter-tcp=80,443,6568 --ipset=\"%LISTS%ipset-anydesk.txt\" --dpi-desync=multisplit --dpi-desync-split-seqovl=228 --dpi-desync-split-seqovl-pattern=\"%FAKE%fake_tls_2.bin\" --dpi-desync-cutoff=n5"
      ],
      "4": [
        "--filter-tcp=443,444-65535 --hostlist-domains=awsglobalaccelerator.com,cloudfront.net,amazon.com,amazonaws.com,awsstatic.com,epicgames.com --dpi-desync=fake,fakedsplit --dpi-desync-fake-tls=0x0F0F0F0F --dpi-desync-split-pos=1,sld+1 --dpi-desync-fakedsplit-pattern=\"%FAKE%fake_tls_2.bin\" --dpi-desync-fakedsplit-mod=altorder=0 --ip-id=rnd --dpi-desync-fooling=ts,badseq --dpi-desync-badseq-increment=10000000 --dpi-desync-cutoff=n5",
        "--filter-tcp=80,443-65535 --ipset=\"%LISTS%ipset-cloudflare-%CDN_BypassLevel%.txt\" --ipset-exclude=\"%LISTS%ipset-dns.txt\" --dpi-desync-any-protocol=1 --dpi-desync=fake,multisplit --dpi-desync-split-pos=1,sld+1 --dpi-desync-fake-tls=0x0F0F0F0F --dpi-desync-fake-tls=\"%FAKE%fake_tls_3.bin\" --dpi-desync-fake-tls-mod=rnd,dupsid,rndsni --dpi-desync-fooling=ts,badseq --dpi-desync-cutoff=n5",
        "--filter-udp=443,444-65535 --ipset=\"%LISTS%ipset-cloudflare-%CDN_BypassLevel%.txt\" --dpi-desync=fake --dpi-desync-repeats=6 --dpi-desync-fake-quic=\"%FAKE%quic_initial_www_google_com.bin\"",
        "--filter-tcp=2053,2083,2087,2096,8443 --dpi-desync=rst,multidisorder --dpi-desync-split-pos=3 --dpi-desync-fooling=md5sig,badseq --dpi-desync-cutoff=n5",
        "--filter-udp=5056,27002 --dpi-desync-any-protocol=1 --dpi-desync=fake --dpi-desync-repeats=6 --dpi-desync-cutoff=n15 --dpi-desync-fake-unknown-udp=\"%FAKE%quic_initial_www_google_com.bin\"",
        "--filter-tcp=80,443,6568 --ipset=\"%LISTS%ipset-anydesk.txt\" --dpi-desync=multisplit --dpi-desync-split-seqovl=224 --dpi-desync-split-seqovl-pattern=\"%FAKE%fake_tls_1.bin\" --dpi-desync-cutoff=n4"
      ],
      "5": [
        "--filter-tcp=443,444-65535 --hostlist-domains=awsglobalaccelerator.com,cloudfront.net,amazon.com,amazonaws.com,awsstatic.com,epicgames.com --dpi-desync=multisplit --dpi-desync-split-seqovl=681 --dpi-desync-split-pos=1 --dpi-desync-fooling=badseq,hopbyhop2 --dpi-desync-split-seqovl-pattern=\"%FAKE%tls_clienthello_www_google_com.bin\"",
        "--filter-tcp=80,443-65535 --ipset=\"%LISTS%ipset-cloudflare-%CDN_BypassLevel%.txt\" --dpi-desync=multisplit --dpi-desync-split-seqovl=681 --dpi-desync-split-pos=1 --dpi-desync-fooling=badseq,hopbyhop2 --dpi-desync-split-seqovl-pattern=\"%FAKE%tls_clienthello_www_google_com.bin\"",
        "--filter-udp=443,444-65535 --ipset=\"%LISTS%ipset-cloudflare-%CDN_BypassLevel%.txt\" --dpi-desync=fake --dpi-desync-repeats=6 --dpi-desync-fake-quic=\"%FAKE%quic_initial_www_google_com.bin\"",
        "--filter-tcp=2053,2083,2087,2096,8443 --dpi-desync=rst,multidisorder --dpi-desync-split-pos=3 --dpi-desync-fooling=md5sig,badseq --dpi-desync-cutoff=n5",
        "--filter-udp=5056,27002 --dpi-desync-any-protocol=1 --dpi-desync=fake --dpi-desync-repeats=6 --dpi-desync-cutoff=n15 --dpi-desync-fake-unknown-udp=\"%FAKE%quic_initial_www_google_com.bin\""
      ],
      "6": [
        "--filter-tcp=80 --hostlist-domains=cloudfront.net,amazon.com,amazonaws.com,awsstatic.com,epicgames.com --dpi-desync=fake,multisplit --dpi-desync-split-seqovl=2 --dpi-desync-split-pos=sld+1 --dpi-desync-fake-http=\"%FAKE%http_fake_MS.bin\" --dpi-desync-fooling=md5sig --dup=2 --dup-fooling=md5sig --dup-cutoff=n3",
        "--filter-udp=443,444-65535 --hostlist-domains=awsglobalaccelerator.com,cloudfront.net,amazon.com,amazonaws.com,awsstatic.com,epicgames.com --dpi-desync=fake --dpi-desync-any-protocol=1 --dpi-desync-fake-unknown-udp=\"%FAKE%quic_6.bin\" --dpi-desync-repeats=2 --dpi-desync-cutoff=n4 --dpi-desync-ttl=7",
        "--filter-tcp=443,444-65535 --hostlist-domains=awsglobalaccelerator.com,cloudfront.net,amazon.com,amazonaws.com,awsstatic.com,epicgames.com --dpi-desync=multisplit --dpi-desync-split-seqovl=211 --dpi-desync-split-seqovl-pattern=\"%FAKE%tls_clienthello_5.bin\"",
        "--filter-tcp=80,443-65535 --ipset=\"%LISTS%ipset-cloudflare-%CDN_BypassLevel%.txt\" --dpi-desync=multisplit --dpi-desync-split-seqovl=681 --dpi-desync-split-pos=1 --dpi-desync-fooling=badseq,hopbyhop2 --dpi-desync-split-seqovl-pattern=\"%FAKE%tls_clienthello_www_google_com.bin\"",
        "--filter-udp=443,444-65535 --ipset=\"%LISTS%ipset-cloudflare-%CDN_BypassLevel%.txt\" --dpi-desync=fake --dpi-desync-any-protocol=1 --dpi-desync-fake-unknown-udp=\"%FAKE%quic_6.bin\" --dpi-desync-repeats=2 --dpi-desync-cutoff=n4 --dpi-desync-ttl=7",
        "--filter-tcp=2053,2083,2087,2096,8443 --dpi-desync=rst,multidisorder --dpi-desync-split-pos=3 --dpi-desync-fooling=md5sig,badseq --dpi-desync-cutoff=n5",
        "--filter-udp=5056,27002 --dpi-desync-any-protocol=1 --dpi-desync=fake --dpi-desync-repeats=6 --dpi-desync-cutoff=n15 --dpi-desync-fake-unknown-udp=\"%FAKE%quic_initial_www_google_com.bin\""
      ],
      "7": [
        "--filter-tcp=443,444-65535 --hostlist-domains=awsglobalaccelerator.com,cloudfront.net,amazon.com,amazonaws.com,awsstatic.com,epicgames.com --dpi-desync-any-protocol=1 --dpi-desync=fake,multidisorder --dpi-desync-split-pos=7,sld+1 --dpi-desync-fake-tls=0x0F0F0F0F --dpi-desync-fake-tls=\"%FAKE%tls_clienthello_4.bin\" --dpi-desync-fake-tls-mod=rnd,dupsid,sni=fonts.google.com --dpi-desync-fooling=badseq --dpi-desync-cutoff=n3",
        "--filter-tcp=80,443-65535 --ipset=\"%LISTS%ipset-cloudflare-%CDN_BypassLevel%.txt\" --ipset-exclude=\"%LISTS%ipset-dns.txt\" --dpi-desync-any-protocol=1 --dpi-desync=fake,multidisorder --dpi-desync-split-pos=7,sld+1 --dpi-desync-fake-tls=0x0F0F0F0F --dpi-desync-fake-tls=\"%FAKE%tls_clienthello_4.bin\" --dpi-desync-fake-tls-mod=rnd,dupsid,sni=fonts.google.com --dpi-desync-fooling=badseq --dpi-desync-cutoff=n3",
        "--filter-udp=443,444-65535 --ipset=\"%LISTS%ipset-cloudflare-%CDN_BypassLevel%.txt\" --dpi-desync=fake --dpi-desync-repeats=6 --dpi-desync-fake-quic=\"%FAKE%quic_initial_www_google_com.bin\"",
        "--filter-tcp=2053,2083,2087,2096,8443 --dpi-desync=rst,multidisorder --dpi-desync-split-pos=3 --dpi-desync-fooling=md5sig,badseq --dpi-desync-cutoff=n5",
        "--filter-udp=5056,27002 --dpi-desync-any-protocol=1 --dpi-desync=fake --dpi-desync-repeats=6 --dpi-desync-cutoff=n15 --dpi-desync-fake-unknown-udp=\"%FAKE%quic_initial_www_google_com.bin\""
      ],
      "8": [
        "--filter-tcp=443,444-65535 --hostlist-domains=awsglobalaccelerator.com,cloudfront.net,amazon.com,amazonaws.com,awsstatic.com,epicgames.com --dpi-desync-any-protocol=1 --dpi-desync=split2 --dpi-desync-split-seqovl=652 --dpi-desync-split-pos=2 --dpi-desync-split-seqovl-pattern=\"%FAKE%tls_clienthello_www_google_com.bin\" --dpi-desync-cutoff=n3",
        "--filter-tcp=80,443-65535 --ipset=\"%LISTS%ipset-cloudflare-%CDN_BypassLevel%.txt\" --ipset-exclude=\"%LISTS%ipset-dns.txt\" --dpi-desync-any-protocol=1 --dpi-desync=split2 --dpi-desync-split-seqovl=652 --dpi-desync-split-pos=2 --dpi-desync-split-seqovl-pattern=\"%FAKE%tls_clienthello_www_google_com.bin\" --dpi-desync-cutoff=n3",
        "--filter-udp=443,444-65535 --ipset=\"%LISTS%ipset-cloudflare-%CDN_BypassLevel%.txt\" --dpi-desync=fake --dpi-desync-repeats=6 --dpi-desync-fake-quic=\"%FAKE%quic_initial_www_google_com.bin\"",
        "--filter-tcp=2053,2083,2087,2096,8443 --dpi-desync=rst,multidisorder --dpi-desync-split-pos=3 --dpi-desync-fooling=md5sig,badseq --dpi-desync-cutoff=n5",
        "--filter-udp=5056,27002 --dpi-desync-any-protocol=1 --dpi-desync=fake --dpi-desync-repeats=6 --dpi-desync-cutoff=n15 --dpi-desync-fake-unknown-udp=\"%FAKE%quic_initial_www_google_com.bin\""
      ],
      "9": [
        "--filter-tcp=443,444-65535 --hostlist-domains=awsglobalaccelerator.com,cloudfront.net,amazon.com,amazonaws.com,awsstatic.com,epicgames.com --dpi-desync-any-protocol=1 --dpi-desync=multisplit --dpi-desync-split-seqovl=226 --dpi-desync-split-seqovl-pattern=\"%FAKE%tls_clienthello_18.bin\" --dup=2 --dup-cutoff=n3",
        "--filter-tcp=80,443-65535 --ipset=\"%LISTS%ipset-cloudflare-%CDN_BypassLevel%.txt\" --dpi-desync=multisplit --dpi-desync-split-seqovl=226 --dpi-desync-split-seqovl-pattern=\"%FAKE%tls_clienthello_18.bin\" --dup=2 --dup-cutoff=n3",
        "--filter-udp=443,444-65535 --ipset=\"%LISTS%ipset-cloudflare-%CDN_BypassLevel%.txt\" --dpi-desync=fake --dpi-desync-repeats=6 --dpi-desync-fake-quic=\"%FAKE%quic_initial_www_google_com.bin\"",
        "--filter-tcp=2053,2083,2087,2096,8443 --dpi-desync=rst,multidisorder --dpi-desync-split-pos=3 --dpi-desync-fooling=md5sig,badseq --dpi-desync-cutoff=n5",
        "--filter-udp=5056,27002 --dpi-desync-any-protocol=1 --dpi-desync=fake --dpi-desync-repeats=6 --dpi-desync-cutoff=n15 --dpi-desync-fake-unknown-udp=\"%FAKE%quic_initial_www_google_com.bin\""
      ],
      "10": [
        "--filter-tcp=443,444-65535 --hostlist-domains=awsglobalaccelerator.com,cloudfront.net,amazon.com,amazonaws.com,awsstatic.com,epicgames.com --dpi-desync-any-protocol=1 --dpi-desync=fake,multisplit --dpi-desync-fooling=badseq --dpi-desync-badseq-increment=0 --dpi-desync-split-pos=1 --dpi-desync-fake-tls=0x1603 --dpi-desync-fake-tls=!+2 --dpi-desync-fake-tls-mod=rnd,dupsid,sni=fonts.google.com --dpi-desync-fake-tcp-mod=seq --dpi-desync-cutoff=n5",
        "--filter-tcp=80,443-65535 --ipset=\"%LISTS%ipset-cloudflare-%CDN_BypassLevel%.txt\" --ipset-exclude=\"%LISTS%ipset-dns.txt\" --dpi-desync-any-protocol=1 --dpi-desync=fake,multisplit --dpi-desync-split-pos=1,sld+1 --dpi-desync-fake-tls=0x0F0F0F0F --dpi-desync-fake-tls=\"%FAKE%fake_tls_3.bin\" --dpi-desync-fake-tls-mod=rnd,dupsid,rndsni,sni=fonts.google.com --dpi-desync-fooling=ts,badseq --dpi-desync-cutoff=n5",
        "--filter-udp=443,444-65535 --ipset=\"%LISTS%ipset-cloudflare-%CDN_BypassLevel%.txt\" --dpi-desync=fake --dpi-desync-repeats=6 --dpi-desync-fake-quic=\"%FAKE%quic_initial_www_google_com.bin\"",
        "--filter-tcp=2053,2083,2087,2096,8443 --dpi-desync=rst,multidisorder --dpi-desync-split-pos=3 --dpi-desync-fooling=md5sig,badseq --dpi-desync-cutoff=n5",
        "--filter-udp=5056,27002 --dpi-desync-any-protocol=1 --dpi-desync=fake --dpi-desync-repeats=6 --dpi-desync-cutoff=n15 --dpi-desync-fake-unknown-udp=\"%FAKE%quic_initial_www_google_com.bin\""
      ],
      "11": [
        "--filter-tcp=443,444-65535 --hostlist-domains=awsglobalaccelerator.com,cloudfront.net,amazon.com,amazonaws.com,awsstatic.com,epicgames.com --dpi-desync-any-protocol=1 --dpi-desync=split2 --dpi-desync-split-seqovl=652 --dpi-desync-split-pos=2 --dpi-desync-split-seqovl-pattern=\"%FAKE%tls_clienthello_www_google_com.bin\" --dpi-desync-cutoff=n3",
        "--filter-tcp=80,443-65535 --ipset=\"%LISTS%ipset-cloudflare-%CDN_BypassLevel%.txt\" --dpi-desync=split2 --dpi-desync-split-seqovl=652 --dpi-desync-split-pos=2 --dpi-desync-split-seqovl-pattern=\"%FAKE%tls_clienthello_www_google_com.bin\"",
        "--filter-udp=443,444-65535 --ipset=\"%LISTS%ipset-cloudflare-%CDN_BypassLevel%.txt\" --dpi-desync=fake --dpi-desync-repeats=6 --dpi-desync-fake-quic=\"%FAKE%quic_initial_www_google_com.bin\"",
        "--filter-tcp=2053,2083,2087,2096,8443 --dpi-desync=rst,multidisorder --dpi-desync-split-pos=3 --dpi-desync-fooling=md5sig,badseq --dpi-desync-cutoff=n5",
        "--filter-udp=5056,27002 --dpi-desync-any-protocol=1 --dpi-desync=fake --dpi-desync-repeats=6 --dpi-desync-cutoff=n15 --dpi-desync-fake-unknown-udp=\"%FAKE%quic_initial_www_google_com.bin\""
      ],
      "12": [
        "--filter-tcp=80,443-65535 --ipset=\"%LISTS%ipset-cloudflare-%CDN_BypassLevel%.txt\" --dpi-desync=fake,fakedsplit --dpi-desync-repeats=6 --dpi-desync-fooling=ts --dpi-desync-fakedsplit-pattern=0x00 --dpi-desync-fake-tls=\"%FAKE%tls_clienthello_www_google_com.bin\"",
        "--filter-udp=443,444-65535 --ipset=\"%LISTS%ipset-cloudflare-%CDN_BypassLevel%.txt\" --dpi-desync=fake --dpi-desync-autottl=2 --dpi-desync-repeats=12 --dpi-desync-any-protocol=1 --dpi-desync-fake-unknown-udp=\"%FAKE%quic_initial_www_google_com.bin\" --dpi-desync-cutoff=n3"
      ],
      "13": [
        "--filter-tcp=80,443-65535 --ipset=\"%LISTS%ipset-cloudflare-%CDN_BypassLevel%.txt\" --dpi-desync=multisplit --dpi-desync-split-seqovl=652 --dpi-desync-split-pos=2 --dpi-desync-split-seqovl-pattern=\"%FAKE%tls_clienthello_www_google_com.bin\"",
        "--filter-udp=443,444-65535 --ipset=\"%LISTS%ipset-cloudflare-%CDN_BypassLevel%.txt\" --dpi-desync=fake --dpi-desync-repeats=6 --dpi-desync-fake-quic=\"%FAKE%quic_initial_www_google_com.bin\""
      ]
    }
  }
}
